delivery_id,pred_service_min,pred_late_prob
ORD0092308,7.81,0.0001
ORD0092309,7.41,0.0007
ORD0092310,11.36,0.0005
ORD0092311,10.61,0.0091
ORD0092312,13.91,0.0074
ORD0092313,15.2,0.0749
ORD0092314,15.26,0.001
ORD0092315,25.56,0.706
ORD0092316,19.69,0.0013
ORD0092317,10.36,0.0007
ORD0092318,7.21,0.0002
ORD0092319,8.52,0.0026
ORD0092320,17.53,0.0009
ORD0092321,14.9,0.0002
ORD0092322,19.74,0.98
ORD0092323,14.24,0.0053
ORD0092324,12.14,0.3553
ORD0092325,8.74,0.0422
ORD0092326,15.27,0.0021
ORD0092327,16.56,0.9377
ORD0092328,17.35,0.5143
ORD0092329,12.35,0.0298
ORD0092330,10.63,0.0001
ORD0092331,10.69,0.464
ORD0092332,20.49,0.0001
ORD0092333,14.56,0.0001
ORD0092334,10.05,0.0008
ORD0092335,12.09,0.0023
ORD0092336,10.43,0.0003
ORD0092337,16.0,0.0139
ORD0092338,16.03,0.0013
ORD0092339,13.21,0.1644
ORD0092340,13.23,0.0064
ORD0092341,22.56,0.0002
ORD0092342,9.25,0.6183
ORD0092343,8.29,0.0501
ORD0092344,11.5,0.0142
ORD0092345,22.36,0.0024
ORD0092346,17.07,0.0002
ORD0092347,12.99,0.0003
ORD0092348,17.4,0.0302
ORD0092349,13.09,0.0007
ORD0092350,16.41,0.0003
ORD0092351,14.57,0.0002
ORD0092352,10.92,0.4963
ORD0092353,7.9,0.0067
ORD0092354,17.19,0.9494
ORD0092355,13.43,0.0252
ORD0092356,7.97,0.0043
ORD0092357,26.06,0.0001
ORD0092358,16.34,0.0001
ORD0092359,10.7,0.003
ORD0092360,11.46,0.0003
ORD0092361,11.65,0.0087
ORD0092362,11.04,0.0027
ORD0092363,22.61,0.0001
ORD0092364,14.46,0.0579
ORD0092365,12.05,0.0063
ORD0092366,16.39,0.0002
ORD0092367,16.17,0.0001
ORD0092368,13.17,0.0009
ORD0092369,15.69,0.0001
ORD0092370,18.7,0.2927
ORD0092371,19.27,0.3331
ORD0092372,13.81,0.663
ORD0092373,13.48,0.1712
ORD0092374,10.92,0.2055
ORD0092375,12.19,0.9352
ORD0092376,10.35,0.7957
ORD0092377,9.67,0.0035
ORD0092378,14.31,0.0014
ORD0092379,11.29,0.0003
ORD0092380,7.87,0.0001
ORD0092381,9.37,0.0001
ORD0092382,9.7,0.0166
ORD0092383,8.78,0.0003
ORD0092384,6.71,0.1523
ORD0092385,6.62,0.0105
ORD0092386,10.11,0.6765
ORD0092387,9.98,0.0527
ORD0092388,10.15,0.96
ORD0092389,8.75,0.2537
ORD0092390,11.09,0.0003
ORD0092391,10.4,0.0001
ORD0092392,10.37,0.0001
ORD0092393,9.34,0.0012
ORD0092394,9.76,0.0004
ORD0092395,7.55,0.0002
ORD0092396,7.16,0.0002
ORD0092397,9.87,0.01
ORD0092398,9.02,0.1553
ORD0092399,11.29,0.7011
ORD0092400,9.85,0.004
ORD0092401,11.19,0.9745
ORD0092402,13.26,0.0004
ORD0092403,19.61,0.0002
ORD0092404,23.2,0.0159
ORD0092405,9.04,0.0018
ORD0092406,10.65,0.0827
ORD0092407,12.95,0.0187
ORD0092408,12.04,0.6093
ORD0092409,18.38,0.0002
ORD0092410,17.78,0.0006
ORD0092411,13.17,0.0007
ORD0092412,18.24,0.0042
ORD0092413,17.2,0.0064
ORD0092414,11.81,0.0001
ORD0092415,9.99,0.0001
ORD0092416,15.19,0.0501
ORD0092417,13.61,0.0001
ORD0092418,12.15,0.0002
ORD0092419,70.17,0.0001
ORD0092420,26.08,0.0001
ORD0092421,17.98,0.6594
ORD0092422,9.4,0.3078
ORD0092423,7.84,0.1435
ORD0092424,13.35,0.9496
ORD0092425,20.02,0.9852
ORD0092426,12.29,0.4917
ORD0092427,13.01,0.3145
ORD0092428,10.91,0.1943
ORD0092429,11.27,0.5228
ORD0092430,10.37,0.4075
ORD0092431,11.0,0.701
ORD0092432,18.08,0.0655
ORD0092433,13.2,0.1433
ORD0092434,14.86,0.8473
ORD0092435,37.66,0.1389
ORD0092436,14.34,0.0024
ORD0092437,13.18,0.0724
ORD0092438,12.76,0.0106
ORD0092439,29.8,0.1087
ORD0092440,30.52,0.5315
ORD0092441,19.43,0.8
ORD0092442,21.73,0.9458
ORD0092443,7.6,0.0001
ORD0092444,8.42,0.0182
ORD0092445,6.7,0.0003
ORD0092446,7.56,0.041
ORD0092447,10.68,0.0002
ORD0092448,10.87,0.0012
ORD0092449,11.53,0.0028
ORD0092450,16.58,0.018
ORD0092451,14.52,0.0015
ORD0092452,22.73,0.19
ORD0092453,8.09,0.0005
ORD0092454,6.75,0.0009
ORD0092455,6.93,0.0005
ORD0092456,7.1,0.0006
ORD0092457,16.53,0.0005
ORD0092458,17.24,0.0001
ORD0092459,18.8,0.7919
ORD0092460,14.02,0.1014
ORD0092461,12.02,0.9614
ORD0092462,12.72,0.6882
ORD0092463,9.96,0.0008
ORD0092464,14.03,0.026
ORD0092465,52.4,0.0002
ORD0092466,52.02,0.0002
ORD0092467,11.84,0.0001
ORD0092468,10.11,0.061
ORD0092469,8.29,0.0008
ORD0092470,9.97,0.471
ORD0092471,15.4,0.0001
ORD0092472,14.86,0.0001
ORD0092473,8.13,0.002
ORD0092474,6.38,0.0005
ORD0092475,11.25,0.0098
ORD0092476,10.57,0.0022
ORD0092477,18.11,0.0892
ORD0092478,16.18,0.0144
ORD0092479,11.49,0.499
ORD0092480,11.79,0.2986
ORD0092481,20.08,0.0002
ORD0092482,20.03,0.0002
ORD0092483,9.78,0.9668
ORD0092484,10.43,0.0002
ORD0092485,10.69,0.0001
ORD0092486,19.67,0.0005
ORD0092487,16.34,0.0003
ORD0092488,11.17,0.0002
ORD0092489,10.84,0.0001
ORD0092490,15.42,0.004
ORD0092491,14.81,0.0026
ORD0092492,16.17,0.0002
ORD0092493,13.88,0.0002
ORD0092494,9.06,0.0501
ORD0092495,7.17,0.0253
ORD0092496,14.75,0.4619
ORD0092497,15.79,0.2702
ORD0092498,6.68,0.0006
ORD0092499,6.29,0.0004
ORD0092500,10.95,0.0057
ORD0092501,10.8,0.0257
ORD0092502,10.62,0.0258
ORD0092503,11.47,0.0907
ORD0092504,21.94,0.0001
ORD0092505,18.1,0.0026
ORD0092506,12.86,0.0799
ORD0092507,13.31,0.0006
ORD0092508,13.67,0.0048
ORD0092509,12.1,0.0144
ORD0092510,15.37,0.0001
ORD0092511,16.64,0.0001
ORD0092512,10.51,0.0002
ORD0092513,11.18,0.0001
ORD0092514,13.56,0.0001
ORD0092515,9.38,0.0001
ORD0092516,9.63,0.0022
ORD0092517,7.31,0.0004
ORD0092518,8.87,0.0016
ORD0092519,10.39,0.0094
ORD0092520,12.05,0.0006
ORD0092521,11.17,0.0026
ORD0092522,10.29,0.0001
ORD0092523,12.07,0.0006
ORD0092524,7.44,0.0085
ORD0092525,9.07,0.0857
ORD0092526,7.23,0.0005
ORD0092527,7.04,0.0222
ORD0092528,5.24,0.0228
ORD0092529,7.22,0.0085
ORD0092530,9.08,0.0731
ORD0092531,7.88,0.2889
ORD0092532,7.57,0.0519
ORD0092533,8.44,0.0002
ORD0092534,7.86,0.0001
ORD0092535,7.84,0.001
ORD0092536,7.49,0.0001
ORD0092537,5.42,0.0001
ORD0092538,5.3,0.0001
ORD0092539,7.43,0.0076
ORD0092540,7.32,0.0001
ORD0092541,7.08,0.0402
ORD0092542,5.68,0.0001
ORD0092543,9.26,0.4154
ORD0092544,7.11,0.0001
ORD0092545,7.45,0.0001
ORD0092546,11.37,0.0001
ORD0092547,9.71,0.0001
ORD0092548,15.75,0.0001
ORD0092549,19.43,0.0001
ORD0092550,5.67,0.0002
ORD0092551,6.81,0.0002
ORD0092552,9.44,0.0005
ORD0092553,14.76,0.0001
ORD0092554,12.52,0.0004
ORD0092555,13.53,0.0001
ORD0092556,13.69,0.0033
ORD0092557,13.13,0.0001
ORD0092558,10.23,0.0001
ORD0092559,7.59,0.0001
ORD0092560,10.31,0.0378
ORD0092561,14.51,0.0007
ORD0092562,10.51,0.0001
ORD0092563,12.83,0.1317
ORD0092564,10.74,0.1195
ORD0092565,7.03,0.028
ORD0092566,5.52,0.0288
ORD0092567,9.44,0.3158
ORD0092568,6.15,0.294
ORD0092569,20.09,0.6827
ORD0092570,15.34,0.6128
ORD0092571,9.98,0.0392
ORD0092572,8.58,0.0424
ORD0092573,8.0,0.1292
ORD0092574,7.86,0.2458
ORD0092575,14.86,0.1601
ORD0092576,14.13,0.1543
ORD0092577,10.25,0.2556
ORD0092578,8.39,0.2394
ORD0092579,13.55,0.0009
ORD0092580,9.8,0.0003
ORD0092581,11.86,0.0024
ORD0092582,30.37,0.0159
ORD0092583,13.46,0.1842
ORD0092584,8.04,0.0001
ORD0092585,7.92,0.0003
ORD0092586,7.89,0.0008
ORD0092587,11.79,0.0006
ORD0092588,10.3,0.0027
ORD0092589,10.81,0.0001
ORD0092590,9.95,0.0019
ORD0092591,12.54,0.001
ORD0092592,11.24,0.0002
ORD0092593,17.79,0.0067
ORD0092594,22.88,0.0674
ORD0092595,20.27,0.0058
ORD0092596,9.82,0.0003
ORD0092597,8.39,0.0001
ORD0092598,15.79,0.0003
ORD0092599,17.77,0.4873
ORD0092600,12.28,0.0406
ORD0092601,12.23,0.9384
ORD0092602,9.93,0.761
ORD0092603,11.49,0.0006
ORD0092604,11.51,0.0001
ORD0092605,12.98,0.0004
ORD0092606,18.5,0.9901
ORD0092607,11.61,0.0001
ORD0092608,9.79,0.0001
ORD0092609,10.19,0.0003
ORD0092610,18.56,0.0001
ORD0092611,9.34,0.0004
ORD0092612,7.59,0.0001
ORD0092613,13.56,0.0009
ORD0092614,17.74,0.0029
ORD0092615,12.15,0.0331
ORD0092616,11.91,0.0003
ORD0092617,23.61,0.0001
ORD0092618,20.11,0.0001
ORD0092619,9.19,0.2836
ORD0092620,7.55,0.0004
ORD0092621,11.79,0.0001
ORD0092622,58.74,0.0001
ORD0092623,35.31,0.0982
ORD0092624,21.19,0.0001
ORD0092625,17.32,0.0003
ORD0092626,16.62,0.0003
ORD0092627,13.83,0.0001
ORD0092628,11.78,0.0003
ORD0092629,16.48,0.0022
ORD0092630,14.33,0.0018
ORD0092631,14.72,0.0002
ORD0092632,9.97,0.0374
ORD0092633,14.38,0.3232
ORD0092634,8.0,0.0007
ORD0092635,51.37,0.0001
ORD0092636,10.46,0.0093
ORD0092637,12.08,0.0062
ORD0092638,12.07,0.0362
ORD0092639,10.28,0.0232
ORD0092640,27.88,0.0001
ORD0092641,18.73,0.0002
ORD0092642,13.47,0.1295
ORD0092643,13.44,0.0694
ORD0092644,18.23,0.001
ORD0092645,18.18,0.0005
ORD0092646,15.77,0.0074
ORD0092647,10.99,0.0028
ORD0092648,17.66,0.0001
ORD0092649,10.17,0.0002
ORD0092650,13.21,0.0001
ORD0092651,10.79,0.0011
ORD0092652,9.65,0.0007
ORD0092653,14.26,0.0725
ORD0092654,11.96,0.0003
ORD0092655,11.47,0.0001
ORD0092656,8.62,0.0028
ORD0092657,7.37,0.0003
ORD0092658,8.92,0.0098
ORD0092659,7.42,0.0012
ORD0092660,7.25,0.0374
ORD0092661,7.7,0.0169
ORD0092662,10.54,0.276
ORD0092663,8.73,0.7702
ORD0092664,8.04,0.0533
ORD0092665,10.61,0.0001
ORD0092666,10.0,0.0001
ORD0092667,9.91,0.0001
ORD0092668,8.73,0.0001
ORD0092669,7.05,0.0001
ORD0092670,8.18,0.0004
ORD0092671,8.38,0.0001
ORD0092672,7.91,0.0019
ORD0092673,7.71,0.0001
ORD0092674,10.46,0.0096
ORD0092675,9.09,0.0002
ORD0092676,8.82,0.0001
ORD0092677,9.31,0.0001
ORD0092678,12.69,0.0001
ORD0092679,10.38,0.0001
ORD0092680,18.1,0.0001
ORD0092681,20.74,0.0001
ORD0092682,7.59,0.0002
ORD0092683,12.83,0.0016
ORD0092684,9.56,0.0002
ORD0092685,31.09,0.0001
ORD0092686,43.51,0.0001
ORD0092687,17.15,0.0006
ORD0092688,17.51,0.0065
ORD0092689,12.45,0.0034
ORD0092690,18.22,0.0881
ORD0092691,11.5,0.0001
ORD0092692,9.11,0.0001
ORD0092693,15.04,0.6417
ORD0092694,12.84,0.0961
ORD0092695,13.37,0.0004
ORD0092696,11.54,0.0019
ORD0092697,13.94,0.1823
ORD0092698,13.02,0.0159
ORD0092699,7.86,0.0347
ORD0092700,6.97,0.0117
ORD0092701,13.19,0.5272
ORD0092702,8.09,0.0672
ORD0092703,19.9,0.9104
ORD0092704,15.4,0.1916
ORD0092705,13.32,0.1019
ORD0092706,11.1,0.1831
ORD0092707,10.56,0.1287
ORD0092708,10.84,0.3461
ORD0092709,9.54,0.2023
ORD0092710,17.78,0.1506
ORD0092711,13.75,0.1355
ORD0092712,13.38,0.2224
ORD0092713,9.74,0.2093
ORD0092714,13.94,0.003
ORD0092715,12.12,0.0151
ORD0092716,12.18,0.0155
ORD0092717,14.47,0.1207
ORD0092718,35.68,0.2107
ORD0092719,18.15,0.6219
ORD0092720,21.06,0.5431
ORD0092721,25.61,0.0001
ORD0092722,10.19,0.0019
ORD0092723,9.69,0.0001
ORD0092724,10.79,0.1839
ORD0092725,8.94,0.0002
ORD0092726,14.82,0.1238
ORD0092727,12.85,0.0001
ORD0092728,13.87,0.0005
ORD0092729,12.4,0.0153
ORD0092730,16.54,0.0017
ORD0092731,14.91,0.0022
ORD0092732,18.66,0.0113
ORD0092733,22.87,0.3901
ORD0092734,22.85,0.0932
ORD0092735,9.24,0.0001
ORD0092736,8.69,0.0003
ORD0092737,10.81,0.0003
ORD0092738,10.0,0.0074
ORD0092739,21.9,0.0003
ORD0092740,19.2,0.0005
ORD0092741,18.54,0.6839
ORD0092742,18.18,0.93
ORD0092743,15.46,0.9759
ORD0092744,16.42,0.0007
ORD0092745,13.28,0.0007
ORD0092746,19.53,0.0024
ORD0092747,24.93,0.9976
ORD0092748,51.46,0.0018
ORD0092749,52.02,0.8006
ORD0092750,35.71,0.0009
ORD0092751,80.33,0.0008
ORD0092752,26.72,0.0001
ORD0092753,52.67,0.0001
ORD0092754,13.05,0.0001
ORD0092755,14.37,0.0008
ORD0092756,12.12,0.0002
ORD0092757,10.48,0.0041
ORD0092758,22.84,0.0001
ORD0092759,17.77,0.0001
ORD0092760,11.05,0.0008
ORD0092761,16.41,0.0044
ORD0092762,23.03,0.0275
ORD0092763,19.52,0.0606
ORD0092764,16.41,0.4344
ORD0092765,24.47,0.0001
ORD0092766,11.82,0.0006
ORD0092767,13.37,0.7293
ORD0092768,14.83,0.0001
ORD0092769,14.81,0.0004
ORD0092770,25.62,0.0017
ORD0092771,16.4,0.0002
ORD0092772,13.45,0.0004
ORD0092773,23.72,0.0171
ORD0092774,20.4,0.0694
ORD0092775,18.24,0.0004
ORD0092776,17.63,0.0024
ORD0092777,14.59,0.437
ORD0092778,23.05,0.935
ORD0092779,20.27,0.6014
ORD0092780,9.42,0.0024
ORD0092781,7.87,0.0143
ORD0092782,14.17,0.0122
ORD0092783,15.88,0.0015
ORD0092784,14.23,0.0522
ORD0092785,13.37,0.0083
ORD0092786,27.65,0.0001
ORD0092787,23.21,0.0001
ORD0092788,17.29,0.1984
ORD0092789,14.73,0.0292
ORD0092790,20.59,0.0008
ORD0092791,17.45,0.0003
ORD0092792,17.92,0.0037
ORD0092793,13.76,0.001
ORD0092794,24.3,0.0257
ORD0092795,18.82,0.0032
ORD0092796,12.79,0.0678
ORD0092797,13.13,0.0075
ORD0092798,17.69,0.0102
ORD0092799,14.09,0.0005
ORD0092800,13.21,0.4181
ORD0092801,11.44,0.0297
ORD0092802,11.3,0.0133
ORD0092803,11.41,0.0053
ORD0092804,15.94,0.0039
ORD0092805,16.53,0.0011
ORD0092806,13.3,0.0013
ORD0092807,17.12,0.0002
ORD0092808,9.0,0.0003
ORD0092809,14.07,0.1593
ORD0092810,8.27,0.0063
ORD0092811,7.83,0.1349
ORD0092812,12.33,0.0338
ORD0092813,11.79,0.462
ORD0092814,10.73,0.0538
ORD0092815,11.41,0.0001
ORD0092816,11.31,0.0001
ORD0092817,10.34,0.0001
ORD0092818,10.34,0.0001
ORD0092819,9.82,0.0001
ORD0092820,10.14,0.0001
ORD0092821,7.84,0.0001
ORD0092822,8.16,0.0001
ORD0092823,9.75,0.0008
ORD0092824,10.0,0.0001
ORD0092825,8.43,0.0049
ORD0092826,8.48,0.0008
ORD0092827,11.24,0.0215
ORD0092828,9.82,0.0032
ORD0092829,9.84,0.0001
ORD0092830,13.92,0.0001
ORD0092831,14.18,0.0001
ORD0092832,23.92,0.0001
ORD0092833,9.93,0.0002
ORD0092834,13.7,0.0006
ORD0092835,13.57,0.0003
ORD0092836,24.61,0.0001
ORD0092837,59.79,0.0003
ORD0092838,40.63,0.001
ORD0092839,32.51,0.0002
ORD0092840,50.35,0.0001
ORD0092841,34.19,0.0001
ORD0092842,20.18,0.0003
ORD0092843,18.61,0.0001
ORD0092844,17.45,0.0021
ORD0092845,17.9,0.0002
ORD0092846,18.4,0.0143
ORD0092847,12.77,0.0001
ORD0092848,16.22,0.3222
ORD0092849,15.46,0.0016
ORD0092850,15.13,0.0002
ORD0092851,20.15,0.1602
ORD0092852,8.73,0.0306
ORD0092853,14.76,0.4583
ORD0092854,9.95,0.0099
ORD0092855,24.46,0.8077
ORD0092856,15.35,0.0197
ORD0092857,14.14,0.0461
ORD0092858,11.72,0.0041
ORD0092859,11.52,0.2961
ORD0092860,12.59,0.1767
ORD0092861,13.37,0.4774
ORD0092862,13.34,0.7713
ORD0092863,20.33,0.0678
ORD0092864,14.54,0.1694
ORD0092865,11.12,0.257
ORD0092866,13.77,0.002
ORD0092867,13.64,0.0089
ORD0092868,14.67,0.0046
ORD0092869,36.87,0.071
ORD0092870,34.87,0.0257
ORD0092871,19.84,0.4326
ORD0092872,19.37,0.2559
ORD0092873,11.47,0.3354
ORD0092874,10.43,0.0001
ORD0092875,12.62,0.9812
ORD0092876,8.99,0.0005
ORD0092877,17.3,0.9761
ORD0092878,13.93,0.0004
ORD0092879,12.59,0.0012
ORD0092880,12.34,0.0205
ORD0092881,17.82,0.0508
ORD0092882,15.8,0.0019
ORD0092883,24.03,0.4725
ORD0092884,32.89,0.9744
ORD0092885,23.02,0.5866
ORD0092886,14.16,0.0012
ORD0092887,11.45,0.0003
ORD0092888,10.75,0.0007
ORD0092889,10.65,0.0062
ORD0092890,21.18,0.0002
ORD0092891,18.19,0.0413
ORD0092892,19.25,0.994
ORD0092893,18.2,0.0149
ORD0092894,15.47,0.0006
ORD0092895,21.93,0.156
ORD0092896,48.91,0.0001
ORD0092897,37.6,0.0002
ORD0092898,16.02,0.0002
ORD0092899,12.16,0.0007
ORD0092900,14.3,0.0005
ORD0092901,24.54,0.0001
ORD0092902,9.96,0.0027
ORD0092903,9.76,0.0012
ORD0092904,16.17,0.0218
ORD0092905,15.87,0.0073
ORD0092906,24.7,0.3431
ORD0092907,25.47,0.1138
ORD0092908,17.3,0.0054
ORD0092909,30.3,0.0002
ORD0092910,31.61,0.0001
ORD0092911,14.21,0.9286
ORD0092912,17.27,0.0001
ORD0092913,16.67,0.0001
ORD0092914,35.15,0.0026
ORD0092915,17.17,0.0002
ORD0092916,20.9,0.0316
ORD0092917,19.77,0.0002
ORD0092918,17.8,0.0001
ORD0092919,15.91,0.6123
ORD0092920,9.72,0.0018
ORD0092921,21.74,0.9581
ORD0092922,10.29,0.0032
ORD0092923,9.14,0.0006
ORD0092924,12.73,0.0189
ORD0092925,17.34,0.1104
ORD0092926,28.25,0.0001
ORD0092927,20.65,0.507
ORD0092928,17.57,0.0006
ORD0092929,20.25,0.0009
ORD0092930,19.04,0.0002
ORD0092931,17.11,0.0173
ORD0092932,57.01,0.004
ORD0092933,43.11,0.0001
ORD0092934,22.01,0.0001
ORD0092935,15.18,0.0004
ORD0092936,13.87,0.0001
ORD0092937,17.87,0.0001
ORD0092938,14.52,0.0031
ORD0092939,11.13,0.0001
ORD0092940,43.83,0.0001
ORD0092941,12.1,0.0003
ORD0092942,11.54,0.0076
ORD0092943,20.36,0.0001
ORD0092944,20.24,0.0016
ORD0092945,16.02,0.0004
ORD0092946,12.87,0.0004
ORD0092947,12.29,0.001
ORD0092948,12.57,0.0078
ORD0092949,23.32,0.0002
ORD0092950,49.69,0.0002
ORD0092951,7.74,0.067
ORD0092952,13.35,0.3278
ORD0092953,12.38,0.0662
ORD0092954,10.7,0.8136
ORD0092955,10.83,0.0001
ORD0092956,9.92,0.0001
ORD0092957,9.45,0.0001
ORD0092958,9.39,0.0001
ORD0092959,10.14,0.0001
ORD0092960,6.63,0.0001
ORD0092961,9.18,0.0001
ORD0092962,8.39,0.0001
ORD0092963,7.22,0.0001
ORD0092964,8.66,0.0006
ORD0092965,8.51,0.0003
ORD0092966,8.66,0.0001
ORD0092967,9.54,0.0001
ORD0092968,13.23,0.0001
ORD0092969,16.11,0.2134
ORD0092970,22.59,0.0001
ORD0092971,25.47,0.071
ORD0092972,8.21,0.0002
ORD0092973,9.77,0.9184
ORD0092974,14.31,0.0008
ORD0092975,17.65,0.0003
ORD0092976,18.08,0.0195
ORD0092977,14.63,0.0018
ORD0092978,18.2,0.0192
ORD0092979,16.99,0.6171
ORD0092980,11.82,0.0001
ORD0092981,18.37,0.5285
ORD0092982,15.59,0.0001
ORD0092983,15.36,0.0131
ORD0092984,19.4,0.2669
ORD0092985,14.42,0.3843
ORD0092986,9.38,0.0447
ORD0092987,13.33,0.7997
ORD0092988,23.94,0.9823
ORD0092989,19.59,0.894
ORD0092990,11.34,0.1234
ORD0092991,10.24,0.0732
ORD0092992,11.64,0.1927
ORD0092993,9.98,0.4201
ORD0092994,20.92,0.2011
ORD0092995,15.35,0.1871
ORD0092996,14.24,0.2965
ORD0092997,17.75,0.0022
ORD0092998,11.95,0.0007
ORD0092999,14.65,0.0194
ORD0093000,14.45,0.0025
ORD0093001,33.15,0.1811
ORD0093002,28.56,0.0143
ORD0093003,22.05,0.8406
ORD0093004,22.82,0.4672
ORD0093005,8.28,0.0001
ORD0093006,8.28,0.0011
ORD0093007,7.96,0.0006
ORD0093008,12.61,0.0006
ORD0093009,11.62,0.0002
ORD0093010,12.67,0.0237
ORD0093011,8.79,0.0002
ORD0093012,14.01,0.0007
ORD0093013,13.03,0.0009
ORD0093014,21.5,0.0022
ORD0093015,14.75,0.0074
ORD0093016,24.24,0.0053
ORD0093017,16.61,0.083
ORD0093018,10.0,0.0001
ORD0093019,9.94,0.0058
ORD0093021,18.79,0.0013
ORD0093023,17.77,0.0633
ORD0093024,14.22,0.6429
ORD0093025,6.47,0.001
ORD0093026,14.74,0.0002
ORD0093027,13.08,0.0004
ORD0093028,23.24,0.9722
ORD0093030,12.75,0.0001
ORD0093031,10.89,0.0003
ORD0093032,9.26,0.0004
ORD0093033,17.21,0.0003
ORD0093034,16.26,0.0001
ORD0093035,8.34,0.0038
ORD0093036,8.37,0.0013
ORD0093037,11.55,0.0007
ORD0093038,11.91,0.0055
ORD0093039,20.83,0.12
ORD0093040,16.31,0.7834
ORD0093041,15.78,0.0017
ORD0093042,26.49,0.0006
ORD0093043,30.42,0.0001
ORD0093044,11.04,0.9708
ORD0093045,10.45,0.0044
ORD0093046,13.28,0.0001
ORD0093047,13.6,0.0001
ORD0093048,83.6,0.0001
ORD0093049,49.22,0.0001
ORD0093050,23.74,0.0053
ORD0093051,21.64,0.0006
ORD0093052,15.94,0.0004
ORD0093053,12.55,0.0002
ORD0093054,23.16,0.084
ORD0093055,17.29,0.0006
ORD0093056,13.0,0.8139
ORD0093057,8.37,0.0078
ORD0093058,17.8,0.9826
ORD0093059,16.98,0.054
ORD0093060,7.99,0.0047
ORD0093061,7.83,0.0009
ORD0093062,11.24,0.026
ORD0093063,14.21,0.1307
ORD0093064,22.33,0.0002
ORD0093065,22.51,0.0168
ORD0093066,18.53,0.5746
ORD0093067,18.63,0.0013
ORD0093068,17.58,0.0197
ORD0093069,16.06,0.2942
ORD0093070,24.78,0.0656
ORD0093071,20.84,0.0005
ORD0093072,12.88,0.0831
ORD0093073,13.83,0.0014
ORD0093074,15.48,0.0097
ORD0093075,11.5,0.0002
ORD0093076,14.02,0.4952
ORD0093077,10.3,0.0002
ORD0093078,9.34,0.0023
ORD0093079,16.13,0.0001
ORD0093080,18.51,0.0006
ORD0093081,12.45,0.0001
ORD0093082,7.95,0.0007
ORD0093083,8.32,0.0107
ORD0093084,10.78,0.0051
ORD0093085,9.22,0.05
ORD0093086,24.42,0.0009
ORD0093087,7.99,0.0108
ORD0093088,13.26,0.072
ORD0093089,13.65,0.0994
ORD0093090,10.05,0.343
ORD0093091,9.35,0.6087
ORD0093092,11.45,0.0002
ORD0093093,10.6,0.0004
ORD0093094,10.01,0.0001
ORD0093095,10.0,0.0001
ORD0093096,10.89,0.0007
ORD0093097,8.89,0.002
ORD0093098,6.48,0.0001
ORD0093099,6.78,0.0001
ORD0093100,9.61,0.0052
ORD0093101,8.68,0.1392
ORD0093102,8.28,0.031
ORD0093103,12.03,0.5721
ORD0093104,9.4,0.0001
ORD0093105,9.67,0.0002
ORD0093106,14.78,0.0014
ORD0093107,23.52,0.0008
ORD0093108,8.92,0.0235
ORD0093109,9.19,0.0001
ORD0093110,15.97,0.3696
ORD0093111,11.48,0.0001
ORD0093112,19.64,0.0002
ORD0093113,18.91,0.0002
ORD0093114,16.75,0.0005
ORD0093115,16.68,0.0009
ORD0093116,20.91,0.0043
ORD0093117,17.64,0.0048
ORD0093118,10.07,0.0001
ORD0093119,8.57,0.0001
ORD0093120,16.42,0.0474
ORD0093121,19.71,0.071
ORD0093122,13.28,0.0001
ORD0093123,16.29,0.0001
ORD0093124,25.26,0.0001
ORD0093125,16.39,0.2328
ORD0093126,13.47,0.2321
ORD0093127,8.02,0.0475
ORD0093128,7.19,0.0211
ORD0093129,14.56,0.4661
ORD0093130,10.46,0.664
ORD0093131,24.7,0.833
ORD0093132,14.74,0.0658
ORD0093133,14.18,0.0549
ORD0093134,25.99,0.0051
ORD0093135,12.45,0.423
ORD0093136,11.05,0.372
ORD0093137,10.82,0.6661
ORD0093138,20.65,0.1402
ORD0093139,16.38,0.2409
ORD0093140,15.49,0.3816
ORD0093141,15.71,0.0077
ORD0093142,13.48,0.1362
ORD0093143,12.75,0.0002
ORD0093144,45.35,0.9215
ORD0093145,30.21,0.0011
ORD0093146,23.21,0.9904
ORD0093147,8.5,0.0001
ORD0093148,8.79,0.0006
ORD0093149,11.95,0.0003
ORD0093150,12.77,0.0011
ORD0093151,15.18,0.0054
ORD0093152,20.42,0.0654
ORD0093153,20.42,0.0025
ORD0093154,20.82,0.5804
ORD0093155,18.9,0.4062
ORD0093156,9.17,0.0005
ORD0093157,8.01,0.0003
ORD0093158,8.55,0.0006
ORD0093159,17.63,0.0003
ORD0093160,16.42,0.0003
ORD0093161,18.68,0.975
ORD0093162,12.77,0.0336
ORD0093163,11.98,0.0156
ORD0093164,10.51,0.117
ORD0093165,14.76,0.002
ORD0093166,16.09,0.0698
ORD0093167,20.26,0.9597
ORD0093168,13.15,0.0222
ORD0093169,12.01,0.0001
ORD0093170,11.43,0.442
ORD0093171,18.8,0.0001
ORD0093172,17.66,0.0001
ORD0093173,10.46,0.0003
ORD0093174,11.86,0.0009
ORD0093175,11.35,0.0008
ORD0093176,17.82,0.0035
ORD0093177,16.16,0.0055
ORD0093178,12.07,0.0315
ORD0093179,14.21,0.0726
ORD0093180,27.8,0.0001
ORD0093181,10.0,0.3616
ORD0093182,11.07,0.5379
ORD0093183,12.48,0.0103
ORD0093184,25.17,0.0036
ORD0093185,17.1,0.0005
ORD0093186,12.94,0.0004
ORD0093187,21.3,0.05
ORD0093188,16.15,0.0041
ORD0093189,17.28,0.0007
ORD0093190,14.94,0.0005
ORD0093191,13.38,0.6014
ORD0093192,8.19,0.0418
ORD0093193,18.19,0.9626
ORD0093194,17.28,0.4261
ORD0093195,7.52,0.0059
ORD0093196,23.5,0.0002
ORD0093197,21.36,0.0002
ORD0093198,11.7,0.0094
ORD0093199,10.81,0.0058
ORD0093200,12.12,0.0564
ORD0093201,10.96,0.0343
ORD0093202,24.31,0.0001
ORD0093203,13.52,0.3742
ORD0093204,16.33,0.1911
ORD0093205,17.15,0.0007
ORD0093206,15.45,0.0045
ORD0093207,13.42,0.0097
ORD0093208,18.97,0.0002
ORD0093209,17.68,0.0607
ORD0093210,11.44,0.0006
ORD0093211,15.46,0.0002
ORD0093212,10.6,0.0162
ORD0093213,8.88,0.0031
ORD0093214,12.07,0.2044
ORD0093215,12.78,0.3485
ORD0093216,19.5,0.1261
ORD0093217,14.12,0.9467
ORD0093218,10.57,0.826
ORD0093219,8.19,0.8878
ORD0093220,13.34,0.9814
ORD0093221,10.39,0.9739
ORD0093222,8.6,0.0092
ORD0093223,6.35,0.0265
ORD0093224,12.41,0.0303
ORD0093225,11.46,0.0775
ORD0093226,9.03,0.0796
ORD0093227,8.66,0.5653
ORD0093228,10.13,0.0001
ORD0093229,11.07,0.1515
ORD0093230,10.75,0.0001
ORD0093231,9.53,0.0001
ORD0093232,10.08,0.0001
ORD0093233,7.25,0.0001
ORD0093234,7.43,0.0001
ORD0093235,9.59,0.0001
ORD0093236,8.22,0.0004
ORD0093237,10.2,0.0016
ORD0093238,9.21,0.0002
ORD0093239,9.43,0.0001
ORD0093240,12.51,0.0001
ORD0093241,23.65,0.0001
ORD0093242,20.39,0.0006
ORD0093243,9.19,0.0004
ORD0093244,8.84,0.0026
ORD0093245,11.53,0.0009
ORD0093246,9.99,0.0154
ORD0093247,17.93,0.0003
ORD0093248,17.46,0.0002
ORD0093249,16.56,0.0018
ORD0093250,21.03,0.0108
ORD0093251,18.85,0.002
ORD0093252,11.57,0.0001
ORD0093253,9.51,0.0001
ORD0093254,17.15,0.2962
ORD0093255,14.01,0.0002
ORD0093256,12.62,0.0001
ORD0093257,71.0,0.0001
ORD0093258,18.94,0.1641
ORD0093259,10.4,0.0299
ORD0093260,7.46,0.0466
ORD0093261,11.91,0.3702
ORD0093262,21.09,0.8247
ORD0093263,11.94,0.0473
ORD0093264,11.43,0.1165
ORD0093265,10.98,0.4965
ORD0093266,11.08,0.5271
ORD0093267,12.03,0.7521
ORD0093268,11.24,0.3768
ORD0093269,17.42,0.4049
ORD0093270,14.83,0.5473
ORD0093271,11.36,0.794
ORD0093272,44.94,0.1153
ORD0093273,15.98,0.0038
ORD0093274,14.18,0.005
ORD0093275,16.95,0.0166
ORD0093276,40.29,0.1351
ORD0093277,36.14,0.0403
ORD0093278,22.22,0.7829
ORD0093279,23.75,0.5554
ORD0093280,7.71,0.0001
ORD0093281,9.43,0.524
ORD0093282,7.57,0.0004
ORD0093283,9.01,0.68
ORD0093284,11.11,0.0002
ORD0093285,9.6,0.0006
ORD0093286,12.23,0.0005
ORD0093287,15.25,0.0017
ORD0093288,13.9,0.0009
ORD0093289,17.83,0.0077
ORD0093290,9.54,0.0001
ORD0093291,5.9,0.0001
ORD0093292,7.03,0.0005
ORD0093293,9.03,0.0004
ORD0093294,18.12,0.0001
ORD0093295,14.69,0.0006
ORD0093296,14.83,0.186
ORD0093297,9.93,0.0004
ORD0093298,9.44,0.0151
ORD0093299,6.57,0.0027
ORD0093300,13.13,0.0003
ORD0093301,15.65,0.1352
ORD0093302,48.78,0.0001
ORD0093303,11.16,0.0001
ORD0093304,9.85,0.0001
ORD0093305,9.53,0.0001
ORD0093306,7.89,0.0002
ORD0093307,15.71,0.0001
ORD0093308,13.26,0.0001
ORD0093309,7.53,0.0005
ORD0093310,6.96,0.0003
ORD0093311,11.12,0.0021
ORD0093312,9.59,0.0015
ORD0093313,15.36,0.0103
ORD0093314,17.53,0.0165
ORD0093315,13.39,0.1789
ORD0093316,11.33,0.495
ORD0093317,28.97,0.0002
ORD0093318,20.76,0.0001
ORD0093319,9.64,0.7271
ORD0093320,10.84,0.0001
ORD0093321,10.59,0.0001
ORD0093322,23.99,0.0008
ORD0093323,16.54,0.0019
ORD0093324,11.14,0.0002
ORD0093325,10.8,0.0005
ORD0093326,19.33,0.0061
ORD0093327,16.79,0.0352
ORD0093328,14.92,0.0002
ORD0093329,13.17,0.0003
ORD0093330,9.61,0.063
ORD0093331,8.61,0.219
ORD0093332,14.55,0.4485
ORD0093333,14.35,0.654
ORD0093334,6.61,0.001
ORD0093335,7.06,0.0031
ORD0093336,9.66,0.0005
ORD0093337,10.78,0.0366
ORD0093338,11.44,0.0033
ORD0093339,11.67,0.1529
ORD0093340,27.94,0.0001
ORD0093341,20.3,0.0066
ORD0093342,12.54,0.0111
ORD0093343,15.66,0.0001
ORD0093344,12.86,0.0004
ORD0093345,13.19,0.0171
ORD0093346,15.02,0.0044
ORD0093347,16.46,0.0002
ORD0093348,12.38,0.0105
ORD0093349,10.63,0.0006
ORD0093350,10.56,0.0008
ORD0093351,9.34,0.0002
ORD0093352,11.38,0.0628
ORD0093353,8.53,0.003
ORD0093354,18.88,0.0002
ORD0093355,9.95,0.0038
ORD0093356,10.09,0.0038
ORD0093357,13.49,0.7179
ORD0093358,12.27,0.0006
ORD0093359,10.35,0.0015
ORD0093360,10.42,0.0002
ORD0093361,7.13,0.0223
ORD0093362,7.81,0.0713
ORD0093363,10.84,0.1246
ORD0093364,7.56,0.0088
ORD0093365,6.31,0.0928
ORD0093366,6.67,0.1493
ORD0093367,9.95,0.5981
ORD0093368,9.34,0.8803
ORD0093369,8.33,0.7543
ORD0093370,9.09,0.0001
ORD0093371,8.35,0.0001
ORD0093372,7.78,0.0002
ORD0093373,8.03,0.0001
ORD0093374,4.95,0.0001
ORD0093375,5.38,0.0001
ORD0093376,7.34,0.0011
ORD0093377,7.1,0.0001
ORD0093378,6.15,0.0054
ORD0093379,5.82,0.0001
ORD0093380,8.48,0.0354
ORD0093381,6.95,0.0001
ORD0093382,7.39,0.0001
ORD0093383,10.09,0.0001
ORD0093384,9.76,0.0001
ORD0093385,18.86,0.0001
ORD0093386,18.12,0.0001
ORD0093387,7.12,0.0004
ORD0093388,6.41,0.0003
ORD0093389,10.21,0.0017
ORD0093390,15.7,0.0001
ORD0093391,13.29,0.0009
ORD0093392,13.24,0.0001
ORD0093393,13.09,0.0044
ORD0093394,13.05,0.0002
ORD0093395,8.98,0.0001
ORD0093396,7.2,0.0001
ORD0093397,12.42,0.1088
ORD0093398,12.37,0.0012
ORD0093399,11.14,0.0001
ORD0093400,12.55,0.035
ORD0093401,12.05,0.0793
ORD0093402,5.88,0.0112
ORD0093403,5.49,0.0156
ORD0093404,8.96,0.1229
ORD0093405,6.4,0.1876
ORD0093406,15.19,0.3419
ORD0093407,12.33,0.3992
ORD0093408,9.43,0.0204
ORD0093409,7.96,0.0268
ORD0093410,9.08,0.2776
ORD0093411,8.94,0.4688
ORD0093412,15.5,0.068
ORD0093413,13.46,0.5186
ORD0093414,9.15,0.1522
ORD0093415,9.5,0.8087
ORD0093416,12.34,0.0004
ORD0093417,9.17,0.0002
ORD0093418,8.34,0.0006
ORD0093419,27.84,0.0012
ORD0093420,13.15,0.0129
ORD0093421,10.73,0.0001
ORD0093422,11.31,0.0001
ORD0093423,10.12,0.0004
ORD0093424,15.21,0.0002
ORD0093425,14.21,0.0002
ORD0093426,15.99,0.0024
ORD0093427,13.49,0.0031
ORD0093428,19.28,0.0007
ORD0093429,16.59,0.0003
ORD0093430,24.67,0.0029
ORD0093431,33.0,0.0655
ORD0093432,24.32,0.0028
ORD0093433,12.49,0.0002
ORD0093434,11.45,0.0005
ORD0093435,26.34,0.0002
ORD0093436,21.54,0.0234
ORD0093437,19.74,0.0238
ORD0093438,19.87,0.5893
ORD0093439,16.64,0.5466
ORD0093440,20.8,0.0003
ORD0093441,17.4,0.0001
ORD0093442,23.15,0.2446
ORD0093443,23.9,0.8785
ORD0093444,16.01,0.0002
ORD0093445,14.6,0.0001
ORD0093446,13.21,0.0008
ORD0093447,22.61,0.0001
ORD0093448,12.65,0.0005
ORD0093449,10.9,0.0001
ORD0093450,14.77,0.0054
ORD0093451,24.8,0.0022
ORD0093452,16.04,0.0146
ORD0093453,18.04,0.0002
ORD0093454,38.01,0.0001
ORD0093455,36.2,0.0001
ORD0093456,13.85,0.1015
ORD0093457,11.71,0.0006
ORD0093458,18.55,0.0001
ORD0093459,91.13,0.0001
ORD0093460,57.03,0.002
ORD0093461,25.09,0.0001
ORD0093462,33.53,0.0011
ORD0093463,25.62,0.003
ORD0093464,17.53,0.0002
ORD0093465,14.89,0.0017
ORD0093466,25.84,0.0159
ORD0093467,27.26,0.19
ORD0093468,20.37,0.0003
ORD0093469,17.84,0.4133
ORD0093470,19.96,0.7414
ORD0093471,10.13,0.001
ORD0093472,63.74,0.0003
ORD0093473,17.95,0.9527
ORD0093474,20.02,0.7918
ORD0093475,17.95,0.9734
ORD0093476,17.37,0.9167
ORD0093477,41.67,0.0296
ORD0093478,27.71,0.0131
ORD0093479,20.13,0.9914
ORD0093480,19.07,0.9804
ORD0093481,27.5,0.4389
ORD0093482,29.27,0.1481
ORD0093483,18.22,0.9068
ORD0093484,16.85,0.5561
ORD0093485,25.64,0.0003
ORD0093486,15.2,0.0011
ORD0093487,18.46,0.0001
ORD0093488,14.56,0.014
ORD0093489,13.28,0.0035
ORD0093490,17.07,0.0586
ORD0093491,16.92,0.0013
ORD0093492,15.44,0.0005
ORD0093493,13.55,0.0236
ORD0093494,9.8,0.0016
ORD0093495,14.29,0.2683
ORD0093496,11.9,0.0064
ORD0093497,12.21,0.0913
ORD0093498,9.93,0.1241
ORD0093499,15.76,0.577
ORD0093500,12.71,0.9288
ORD0093501,11.43,0.6753
ORD0093502,12.97,0.0001
ORD0093503,13.05,0.0002
ORD0093504,12.34,0.0007
ORD0093505,11.38,0.0001
ORD0093506,9.15,0.0001
ORD0093507,12.37,0.0001
ORD0093508,12.12,0.0012
ORD0093509,10.15,0.0004
ORD0093510,11.25,0.0217
ORD0093511,12.41,0.0012
ORD0093512,13.14,0.1535
ORD0093513,11.36,0.0024
ORD0093514,12.23,0.0001
ORD0093515,16.95,0.0001
ORD0093516,19.14,0.6558
ORD0093517,27.52,0.0001
ORD0093518,27.82,0.6095
ORD0093519,10.67,0.0005
ORD0093520,15.33,0.0018
ORD0093521,16.45,0.9737
ORD0093522,39.41,0.0001
ORD0093523,117.31,0.2529
ORD0093524,69.84,0.0003
ORD0093525,22.73,0.0002
ORD0093526,21.95,0.0028
ORD0093527,18.74,0.0001
ORD0093528,22.93,0.0163
ORD0093529,14.12,0.0001
ORD0093530,12.71,0.0001
ORD0093531,20.28,0.3451
ORD0093532,16.36,0.001
ORD0093533,15.36,0.0001
ORD0093534,19.0,0.0001
ORD0093535,20.6,0.0832
ORD0093536,18.13,0.0176
ORD0093537,10.89,0.0083
ORD0093538,9.77,0.0106
ORD0093539,14.86,0.1996
ORD0093540,11.57,0.0423
ORD0093541,23.95,0.5596
ORD0093542,22.29,0.222
ORD0093543,15.37,0.0172
ORD0093544,13.09,0.1201
ORD0093545,16.97,0.8748
ORD0093546,13.51,0.2392
ORD0093547,13.0,0.062
ORD0093548,25.67,0.088
ORD0093549,25.81,0.5963
ORD0093550,17.75,0.2666
ORD0093551,13.57,0.2122
ORD0093552,21.03,0.0005
ORD0093553,16.37,0.0003
ORD0093554,14.75,0.0023
ORD0093555,17.05,0.0009
ORD0093556,61.06,0.0346
ORD0093557,23.76,0.5814
ORD0093558,24.89,0.0036
ORD0093559,47.06,0.0001
ORD0093560,10.05,0.0001
ORD0093561,10.71,0.0045
ORD0093562,10.17,0.0004
ORD0093563,11.24,0.3501
ORD0093564,13.65,0.0002
ORD0093565,14.32,0.1589
ORD0093566,12.64,0.0072
ORD0093567,12.6,0.0005
ORD0093568,17.61,0.0009
ORD0093569,12.73,0.0016
ORD0093570,22.66,0.0022
ORD0093571,19.29,0.0524
ORD0093572,26.16,0.0127
ORD0093573,12.25,0.0002
ORD0093574,10.07,0.0003
ORD0093575,11.6,0.0029
ORD0093576,10.02,0.0063
ORD0093577,22.68,0.0006
ORD0093578,18.12,0.0004
ORD0093579,19.69,0.2931
ORD0093580,22.6,0.6482
ORD0093581,14.23,0.4086
ORD0093582,16.47,0.0004
ORD0093583,13.35,0.0007
ORD0093584,26.39,0.945
ORD0093585,26.7,0.9851
ORD0093586,67.99,0.0018
ORD0093587,83.73,0.2295
ORD0093588,36.09,0.0005
ORD0093589,65.7,0.0014
ORD0093590,27.55,0.0001
ORD0093591,56.79,0.0001
ORD0093592,14.47,0.0006
ORD0093593,12.84,0.0006
ORD0093594,14.66,0.0075
ORD0093595,12.26,0.0045
ORD0093596,24.03,0.0007
ORD0093597,20.3,0.0002
ORD0093598,12.63,0.0439
ORD0093599,17.56,0.0896
ORD0093600,21.04,0.5852
ORD0093601,26.9,0.0244
ORD0093602,16.84,0.7486
ORD0093603,35.54,0.0031
ORD0093604,17.69,0.9778
ORD0093605,13.19,0.2096
ORD0093606,16.47,0.0005
ORD0093607,16.0,0.0004
ORD0093608,26.7,0.0479
ORD0093609,16.95,0.0004
ORD0093610,13.22,0.0001
ORD0093611,31.2,0.5601
ORD0093612,21.2,0.0019
ORD0093613,18.8,0.0015
ORD0093614,18.28,0.0002
ORD0093615,17.37,0.973
ORD0093616,22.28,0.9941
ORD0093617,19.78,0.0176
ORD0093618,10.14,0.0236
ORD0093619,8.85,0.0008
ORD0093620,14.0,0.0047
ORD0093621,15.15,0.0043
ORD0093622,15.57,0.0153
ORD0093623,15.2,0.0134
ORD0093624,29.32,0.0001
ORD0093625,27.56,0.0001
ORD0093626,19.76,0.106
ORD0093627,16.45,0.064
ORD0093628,21.66,0.0003
ORD0093629,19.25,0.0002
ORD0093630,15.84,0.0016
ORD0093631,14.43,0.0014
ORD0093632,22.07,0.2544
ORD0093633,20.73,0.0363
ORD0093634,15.82,0.6083
ORD0093635,15.44,0.1992
ORD0093636,16.31,0.0624
ORD0093637,15.54,0.0054
ORD0093638,17.17,0.9123
ORD0093639,13.23,0.6472
ORD0093640,11.0,0.0175
ORD0093641,12.23,0.0084
ORD0093642,15.89,0.0001
ORD0093643,16.07,0.0019
ORD0093644,15.94,0.0081
ORD0093645,16.63,0.0008
ORD0093646,10.94,0.2307
ORD0093647,15.65,0.8688
ORD0093648,11.52,0.0399
ORD0093649,8.93,0.0074
ORD0093650,12.68,0.099
ORD0093651,13.3,0.028
ORD0093652,10.97,0.6386
ORD0093653,12.1,0.0001
ORD0093654,11.75,0.0001
ORD0093655,11.6,0.0001
ORD0093656,11.49,0.0001
ORD0093657,10.79,0.0001
ORD0093658,10.16,0.0001
ORD0093659,8.59,0.0001
ORD0093660,8.12,0.0001
ORD0093661,10.91,0.0001
ORD0093662,10.14,0.0001
ORD0093663,9.64,0.0001
ORD0093664,8.8,0.001
ORD0093665,11.01,0.0001
ORD0093666,10.27,0.0027
ORD0093667,10.57,0.0001
ORD0093668,18.01,0.0001
ORD0093669,15.1,0.0002
ORD0093670,29.99,0.0001
ORD0093671,9.5,0.0002
ORD0093672,14.13,0.0005
ORD0093673,13.45,0.0008
ORD0093674,24.76,0.0001
ORD0093675,60.67,0.0004
ORD0093676,40.71,0.0012
ORD0093677,32.18,0.0001
ORD0093678,61.21,0.0001
ORD0093679,33.94,0.0001
ORD0093680,52.62,0.0001
ORD0093681,21.33,0.0004
ORD0093682,18.62,0.0001
ORD0093683,26.35,0.0039
ORD0093684,23.1,0.0002
ORD0093685,24.99,0.0572
ORD0093686,17.37,0.0001
ORD0093687,20.03,0.7281
ORD0093688,16.26,0.0008
ORD0093689,16.76,0.0003
ORD0093690,23.73,0.7984
ORD0093691,10.13,0.3967
ORD0093692,14.03,0.9641
ORD0093693,11.65,0.2563
ORD0093694,29.15,0.9872
ORD0093695,19.92,0.4547
ORD0093696,18.96,0.6073
ORD0093697,14.23,0.0478
ORD0093698,12.76,0.1978
ORD0093699,14.23,0.8501
ORD0093700,14.0,0.4592
ORD0093701,11.9,0.1802
ORD0093702,21.56,0.6459
ORD0093703,18.15,0.8077
ORD0093704,16.47,0.9662
ORD0093705,18.31,0.0003
ORD0093706,15.68,0.0011
ORD0093707,15.61,0.0002
ORD0093708,44.04,0.0025
ORD0093709,47.81,0.0004
ORD0093710,26.24,0.0313
ORD0093711,28.09,0.0012
ORD0093712,10.47,0.0001
ORD0093713,10.25,0.0001
ORD0093714,10.01,0.0004
ORD0093715,9.74,0.0008
ORD0093716,13.75,0.0002
ORD0093717,15.25,0.0005
ORD0093718,14.17,0.0031
ORD0093719,12.09,0.0261
ORD0093720,18.93,0.0005
ORD0093721,18.16,0.0017
ORD0093722,25.87,0.0014
ORD0093723,28.91,0.0056
ORD0093724,25.46,0.6015
ORD0093725,12.91,0.0003
ORD0093726,10.78,0.0003
ORD0093727,12.26,0.0024
ORD0093728,12.25,0.01
ORD0093729,27.61,0.0005
ORD0093730,22.65,0.1112
ORD0093731,15.29,0.505
ORD0093732,20.92,0.0002
ORD0093733,17.82,0.0007
ORD0093734,26.58,0.9653
ORD0093735,102.39,0.001
ORD0093736,49.61,0.0002
ORD0093737,96.24,0.0003
ORD0093738,15.92,0.0001
ORD0093739,12.28,0.0012
ORD0093740,11.18,0.0002
ORD0093741,24.7,0.0001
ORD0093742,12.01,0.0034
ORD0093743,10.52,0.0005
ORD0093744,14.92,0.0229
ORD0093745,16.31,0.0018
ORD0093746,27.48,0.0001
ORD0093747,22.33,0.0078
ORD0093748,21.71,0.0003
ORD0093749,49.99,0.0001
ORD0093750,41.66,0.0001
ORD0093751,14.32,0.5724
ORD0093752,17.37,0.0001
ORD0093753,16.09,0.0001
ORD0093754,108.09,0.0001
ORD0093755,54.27,0.0001
ORD0093756,35.43,0.0044
ORD0093757,18.9,0.0003
ORD0093758,23.07,0.0875
ORD0093759,20.11,0.0006
ORD0093760,22.15,0.0015
ORD0093761,15.03,0.8043
ORD0093762,10.52,0.1413
ORD0093763,20.4,0.9188
ORD0093764,10.58,0.0044
ORD0093765,10.89,0.0308
ORD0093766,17.81,0.0223
ORD0093767,17.27,0.1416
ORD0093768,28.82,0.0001
ORD0093769,19.87,0.5071
ORD0093770,17.95,0.0007
ORD0093771,20.76,0.0012
ORD0093772,24.34,0.0002
ORD0093773,18.03,0.0184
ORD0093774,59.08,0.0046
ORD0093775,46.08,0.0002
ORD0093776,23.78,0.0002
ORD0093777,16.8,0.0007
ORD0093778,16.1,0.0001
ORD0093779,17.83,0.0001
ORD0093780,14.08,0.0095
ORD0093781,12.71,0.0001
ORD0093782,47.76,0.0001
ORD0093783,13.35,0.0005
ORD0093784,13.67,0.0138
ORD0093785,20.74,0.0001
ORD0093786,16.49,0.002
ORD0093787,15.27,0.0003
ORD0093788,15.59,0.0005
ORD0093789,10.3,0.0016
ORD0093790,14.2,0.0082
ORD0093791,28.67,0.0002
ORD0093792,43.06,0.0002
ORD0093793,28.09,0.0006
ORD0093794,9.78,0.0069
ORD0093795,14.5,0.0369
ORD0093796,17.4,0.9337
ORD0093797,10.79,0.1932
ORD0093798,11.54,0.0001
ORD0093799,10.88,0.0001
ORD0093800,10.28,0.0031
ORD0093801,10.29,0.0001
ORD0093802,9.86,0.0001
ORD0093803,7.29,0.0441
ORD0093804,11.95,0.8973
ORD0093805,9.17,0.0004
ORD0093806,8.89,0.0001
ORD0093807,9.68,0.0001
ORD0093808,8.72,0.0026
ORD0093809,11.33,0.6301
ORD0093810,9.47,0.0001
ORD0093811,14.06,0.0008
ORD0093812,14.85,0.0001
ORD0093813,24.97,0.0004
ORD0093814,24.97,0.0001
ORD0093815,10.09,0.0114
ORD0093816,10.24,0.0006
ORD0093817,16.86,0.2107
ORD0093818,19.91,0.0003
ORD0093819,18.16,0.0001
ORD0093820,18.37,0.0019
ORD0093821,21.79,0.0138
ORD0093822,16.96,0.0007
ORD0093823,14.65,0.0001
ORD0093824,18.08,0.3178
ORD0093825,15.72,0.0002
ORD0093826,16.71,0.0001
ORD0093827,16.61,0.1672
ORD0093828,13.95,0.0028
ORD0093829,9.68,0.0282
ORD0093830,12.23,0.3512
ORD0093831,25.14,0.7866
ORD0093832,17.31,0.0134
ORD0093833,16.75,0.047
ORD0093834,10.86,0.0353
ORD0093835,11.26,0.1107
ORD0093836,11.15,0.1691
ORD0093837,21.36,0.6865
ORD0093838,16.58,0.1117
ORD0093839,14.83,0.9287
ORD0093840,71.47,0.0537
ORD0093841,17.92,0.0005
ORD0093842,13.16,0.0036
ORD0093843,12.99,0.0015
ORD0093844,13.33,0.0242
ORD0093845,54.01,0.0171
ORD0093846,43.44,0.5517
ORD0093847,19.82,0.151
ORD0093848,25.61,0.8991
ORD0093849,13.79,0.8209
ORD0093850,15.14,0.9889
ORD0093851,13.27,0.4184
ORD0093852,21.16,0.9888
ORD0093853,18.32,0.1648
ORD0093854,15.83,0.005
ORD0093855,14.2,0.0007
ORD0093856,20.53,0.0004
ORD0093857,18.06,0.0008
ORD0093858,28.51,0.0016
ORD0093859,25.38,0.0206
ORD0093860,38.79,0.0042
ORD0093861,25.81,0.1514
ORD0093862,13.01,0.0002
ORD0093863,12.51,0.0023
ORD0093864,12.72,0.0023
ORD0093865,30.0,0.0004
ORD0093866,24.08,0.0002
ORD0093867,23.58,0.0377
ORD0093868,19.62,0.1393
ORD0093869,15.73,0.0037
ORD0093870,24.23,0.0001
ORD0093871,18.06,0.0003
ORD0093872,26.31,0.6305
ORD0093873,32.2,0.8232
ORD0093874,19.23,0.0006
ORD0093875,15.14,0.0041
ORD0093876,13.06,0.0002
ORD0093877,26.21,0.0001
ORD0093878,24.5,0.0001
ORD0093879,12.64,0.0211
ORD0093880,12.19,0.001
ORD0093881,19.76,0.0016
ORD0093882,17.73,0.0049
ORD0093883,29.45,0.0085
ORD0093884,28.67,0.219
ORD0093885,19.19,0.062
ORD0093886,39.89,0.0001
ORD0093887,34.76,0.0009
ORD0093888,14.29,0.4751
ORD0093889,16.13,0.6321
ORD0093890,16.77,0.0002
ORD0093891,19.16,0.0005
ORD0093892,110.74,0.0003
ORD0093893,29.22,0.0339
ORD0093894,30.12,0.0015
ORD0093895,17.75,0.0004
ORD0093896,17.17,0.0003
ORD0093897,30.11,0.7287
ORD0093898,21.03,0.0011
ORD0093899,16.83,0.9912
ORD0093900,13.28,0.0413
ORD0093901,26.95,0.9979
ORD0093902,22.7,0.28
ORD0093903,11.73,0.032
ORD0093904,9.9,0.0009
ORD0093905,20.65,0.5381
ORD0093906,23.77,0.9015
ORD0093907,37.26,0.0006
ORD0093908,33.25,0.0001
ORD0093909,24.37,0.9936
ORD0093910,31.71,0.0223
ORD0093911,21.79,0.2819
ORD0093912,19.48,0.0007
ORD0093913,30.64,0.0491
ORD0093914,28.18,0.0011
ORD0093915,22.14,0.3251
ORD0093916,16.92,0.0074
ORD0093917,21.34,0.0264
ORD0093918,16.58,0.0002
ORD0093919,21.63,0.8762
ORD0093920,13.03,0.0002
ORD0093921,14.14,0.0105
ORD0093922,25.21,0.0001
ORD0093923,22.23,0.0016
ORD0093924,18.46,0.0001
ORD0093925,12.94,0.0006
ORD0093926,13.72,0.0835
ORD0093927,14.14,0.0029
ORD0093928,16.37,0.7286
ORD0093929,38.81,0.0018
ORD0093930,14.1,0.0782
ORD0093931,20.18,0.4761
ORD0093932,17.89,0.033
ORD0093933,14.75,0.957
ORD0093934,12.19,0.2755
ORD0093935,14.88,0.0002
ORD0093936,14.32,0.0135
ORD0093937,13.15,0.0001
ORD0093938,12.85,0.0003
ORD0093939,12.86,0.0005
ORD0093940,14.09,0.3608
ORD0093941,9.99,0.0002
ORD0093942,10.21,0.0004
ORD0093943,12.96,0.0049
ORD0093944,12.4,0.164
ORD0093945,13.47,0.9444
ORD0093946,14.57,0.6545
ORD0093947,11.63,0.0006
ORD0093948,12.89,0.0055
ORD0093949,21.07,0.0892
ORD0093950,31.56,0.0257
ORD0093951,13.17,0.8654
ORD0093952,14.31,0.0138
ORD0093953,20.31,0.9908
ORD0093954,17.87,0.1606
ORD0093955,24.76,0.0003
ORD0093956,23.68,0.0025
ORD0093957,22.43,0.0061
ORD0093958,29.23,0.0797
ORD0093959,26.74,0.0355
ORD0093960,35.73,0.7428
ORD0093961,17.71,0.0001
ORD0093962,12.31,0.0001
ORD0093963,23.3,0.3946
ORD0093964,23.74,0.9861
ORD0093965,23.14,0.0001
ORD0093966,22.02,0.0008
ORD0093967,36.54,0.0002
ORD0093968,23.52,0.2625
ORD0093969,20.86,0.3829
ORD0093970,12.26,0.0164
ORD0093971,10.48,0.041
ORD0093972,17.6,0.6305
ORD0093973,16.92,0.8808
ORD0093974,34.63,0.9171
ORD0093975,19.76,0.0454
ORD0093976,16.58,0.1613
ORD0093977,36.93,0.0095
ORD0093978,15.71,0.1076
ORD0093979,16.35,0.9569
ORD0093980,15.55,0.2611
ORD0093981,28.95,0.1016
ORD0093982,28.29,0.7478
ORD0093983,18.73,0.2422
ORD0093984,20.88,0.0006
ORD0093985,19.37,0.0017
ORD0093986,18.21,0.0002
ORD0093987,54.4,0.0234
ORD0093988,35.14,0.001
ORD0093989,28.66,0.4248
ORD0093990,9.14,0.0001
ORD0093991,8.47,0.0007
ORD0093992,13.42,0.0003
ORD0093993,12.36,0.0011
ORD0093994,15.97,0.0006
ORD0093995,24.41,0.0401
ORD0093996,18.64,0.0017
ORD0093997,30.2,0.7163
ORD0093998,21.87,0.0081
ORD0093999,13.29,0.0005
ORD0094000,8.23,0.0002
ORD0094001,10.25,0.0007
ORD0094002,26.47,0.0013
ORD0094003,19.7,0.0003
ORD0094004,18.45,0.0236
ORD0094005,17.55,0.0367
ORD0094006,15.38,0.9491
ORD0094007,12.73,0.2523
ORD0094008,20.94,0.0123
ORD0094009,23.54,0.219
ORD0094010,21.91,0.8504
ORD0094011,13.3,0.0004
ORD0094012,12.37,0.0011
ORD0094013,10.85,0.0018
ORD0094014,21.96,0.0004
ORD0094015,19.74,0.0008
ORD0094016,11.0,0.0027
ORD0094017,13.41,0.0223
ORD0094018,14.07,0.0151
ORD0094019,20.4,0.0252
ORD0094020,20.12,0.3355
ORD0094021,19.35,0.2408
ORD0094022,20.62,0.9296
ORD0094023,28.0,0.0006
ORD0094024,13.15,0.8753
ORD0094025,12.47,0.9876
ORD0094026,13.8,0.0003
ORD0094027,26.53,0.9938
ORD0094028,21.42,0.9668
ORD0094029,18.63,0.2205
ORD0094030,24.87,0.999
ORD0094031,25.76,0.997
ORD0094032,20.79,0.8324
ORD0094033,20.3,0.8086
ORD0094034,15.38,0.9998
ORD0094035,13.27,0.9996
ORD0094036,21.12,0.9999
ORD0094037,22.0,0.9999
ORD0094038,12.86,0.9912
ORD0094039,38.45,0.0017
ORD0094040,38.33,0.0016
ORD0094041,13.39,0.0322
ORD0094042,16.57,0.1224
ORD0094043,13.84,0.1248
ORD0094044,15.46,0.6022
ORD0094045,26.45,0.0008
ORD0094046,18.11,0.6205
ORD0094047,17.92,0.94
ORD0094048,27.75,0.0032
ORD0094049,18.36,0.0689
ORD0094050,15.03,0.0159
ORD0094051,19.67,0.0008
ORD0094052,20.11,0.0008
ORD0094053,13.04,0.0021
ORD0094054,13.18,0.0005
ORD0094055,12.42,0.0004
ORD0094056,13.45,0.0133
ORD0094057,11.86,0.0019
ORD0094058,10.82,0.019
ORD0094059,16.86,0.0002
ORD0094060,15.09,0.002
ORD0094061,11.53,0.0633
ORD0094062,10.72,0.0524
ORD0094063,14.68,0.582
ORD0094064,10.39,0.5962
ORD0094065,7.88,0.7161
ORD0094066,10.09,0.747
ORD0094067,12.72,0.94
ORD0094068,13.98,0.9478
ORD0094069,11.89,0.9939
ORD0094070,11.18,0.9937
ORD0094071,12.38,0.0006
ORD0094072,11.74,0.0001
ORD0094073,11.71,0.0001
ORD0094074,11.62,0.0062
ORD0094075,11.41,0.0004
ORD0094076,8.36,0.0003
ORD0094077,8.32,0.0001
ORD0094078,11.66,0.0683
ORD0094079,10.6,0.5794
ORD0094080,13.23,0.9542
ORD0094081,10.03,0.002
ORD0094082,10.26,0.0001
ORD0094083,15.55,0.0002
ORD0094084,28.06,0.0001
ORD0094085,26.98,0.0307
ORD0094086,10.18,0.0011
ORD0094087,12.33,0.2504
ORD0094088,15.39,0.0065
ORD0094089,14.04,0.9347
ORD0094090,20.81,0.0009
ORD0094091,21.28,0.0004
ORD0094092,20.66,0.0033
ORD0094093,18.91,0.0199
ORD0094094,19.4,0.0026
ORD0094095,13.84,0.0001
ORD0094096,11.97,0.0001
ORD0094097,20.47,0.3736
ORD0094098,15.02,0.0004
ORD0094099,15.65,0.0002
ORD0094100,97.18,0.0001
ORD0094101,21.37,0.3615
ORD0094102,10.1,0.0708
ORD0094103,9.73,0.2493
ORD0094104,15.71,0.6901
ORD0094105,26.16,0.9749
ORD0094106,20.31,0.1387
ORD0094107,17.52,0.7013
ORD0094108,14.8,0.4461
ORD0094109,11.27,0.1006
ORD0094110,15.33,0.7702
ORD0094111,13.22,0.8108
ORD0094112,24.48,0.6962
ORD0094113,19.9,0.8665
ORD0094114,13.31,0.3124
ORD0094115,81.98,0.1872
ORD0094116,20.23,0.3907
ORD0094117,15.78,0.0043
ORD0094118,19.61,0.9535
ORD0094119,49.71,0.9979
ORD0094120,45.87,0.2369
ORD0094121,26.32,0.9996
ORD0094122,27.78,0.8105
ORD0094123,8.87,0.0001
ORD0094124,8.45,0.0001
ORD0094125,8.57,0.0009
ORD0094126,7.51,0.0004
ORD0094127,11.23,0.0004
ORD0094128,11.8,0.0003
ORD0094129,15.96,0.029
ORD0094130,17.58,0.1011
ORD0094132,37.85,0.8897
ORD0094133,8.45,0.0006
ORD0094134,8.11,0.0001
ORD0094135,8.43,0.0002
ORD0094137,18.37,0.0001
ORD0094139,23.07,0.9942
ORD0094141,11.77,0.0017
ORD0094143,15.36,0.0066
ORD0094144,16.74,0.0109
ORD0094145,56.97,0.0002
ORD0094146,50.42,0.0004
ORD0094147,36.89,0.0002
ORD0094148,14.1,0.0131
ORD0094149,11.47,0.0002
ORD0094150,12.15,0.1149
ORD0094151,9.6,0.0015
ORD0094152,18.5,0.0006
ORD0094153,18.09,0.0003
ORD0094154,11.23,0.146
ORD0094155,10.29,0.0359
ORD0094156,13.81,0.8488
ORD0094157,15.07,0.2919
ORD0094158,21.45,0.7991
ORD0094159,23.92,0.8823
ORD0094160,16.33,0.9891
ORD0094161,17.7,0.8453
ORD0094162,22.48,0.0026
ORD0094163,24.29,0.0123
ORD0094164,11.85,0.9958
ORD0094165,13.41,0.0016
ORD0094166,13.11,0.0004
ORD0094167,23.78,0.0044
ORD0094168,20.71,0.0018
ORD0094169,13.99,0.0006
ORD0094170,11.38,0.0001
ORD0094171,25.33,0.1264
ORD0094172,18.0,0.0118
ORD0094173,15.22,0.0007
ORD0094174,16.61,0.0008
ORD0094175,13.7,0.718
ORD0094176,8.88,0.1887
ORD0094177,17.79,0.9703
ORD0094178,17.11,0.8336
ORD0094179,7.6,0.0068
ORD0094180,7.5,0.0017
ORD0094181,49.74,0.0002
ORD0094182,13.42,0.9401
ORD0094183,15.3,0.486
ORD0094184,16.79,0.9817
ORD0094185,13.82,0.8353
ORD0094186,28.73,0.0504
ORD0094187,23.4,0.0298
ORD0094188,17.48,0.9931
ORD0094189,21.53,0.5356
ORD0094190,15.55,0.9269
ORD0094191,17.03,0.2954
ORD0094192,18.2,0.0013
ORD0094193,19.78,0.0458
ORD0094194,12.77,0.0031
ORD0094195,12.69,0.2494
ORD0094196,13.61,0.0009
ORD0094197,10.99,0.0264
ORD0094198,11.1,0.0144
ORD0094199,13.05,0.6743
ORD0094200,10.93,0.019
ORD0094201,9.52,0.0229
ORD0094202,15.19,0.0028
ORD0094203,14.43,0.0066
ORD0094204,12.81,0.0014
ORD0094205,10.89,0.0018
ORD0094206,7.79,0.0002
ORD0094207,8.76,0.1416
ORD0094208,10.98,0.1585
ORD0094209,11.14,0.4348
ORD0094210,7.53,0.3575
ORD0094211,7.4,0.2953
ORD0094212,14.11,0.9501
ORD0094213,10.68,0.9908
ORD0094214,10.45,0.9217
ORD0094215,10.58,0.0287
ORD0094216,9.13,0.0008
ORD0094217,10.13,0.4383
ORD0094218,9.59,0.0032
ORD0094219,6.33,0.0008
ORD0094220,5.78,0.0003
ORD0094221,9.69,0.6762
ORD0094222,9.59,0.0094
ORD0094223,8.91,0.9469
ORD0094224,8.37,0.0292
ORD0094225,10.58,0.9866
ORD0094226,9.14,0.0053
ORD0094227,9.06,0.0006
ORD0094228,13.31,0.0042
ORD0094229,13.37,0.0085
ORD0094230,23.86,0.0012
ORD0094231,23.7,0.0015
ORD0094232,8.63,0.0152
ORD0094233,13.07,0.1253
ORD0094234,14.58,0.1175
ORD0094235,17.51,0.0002
ORD0094236,14.27,0.0004
ORD0094237,15.08,0.0001
ORD0094238,19.51,0.0036
ORD0094239,17.03,0.0005
ORD0094240,13.29,0.0001
ORD0094241,8.96,0.0001
ORD0094242,14.41,0.0631
ORD0094243,16.05,0.0057
ORD0094244,12.84,0.0001
ORD0094245,15.53,0.1675
ORD0094246,14.3,0.194
ORD0094247,7.39,0.0225
ORD0094248,7.68,0.0334
ORD0094249,9.37,0.3473
ORD0094250,6.99,0.3494
ORD0094251,20.67,0.7111
ORD0094252,21.3,0.734
ORD0094253,12.17,0.0423
ORD0094254,10.4,0.0677
ORD0094255,9.58,0.0629
ORD0094256,10.2,0.1403
ORD0094257,20.57,0.6235
ORD0094258,12.66,0.3899
ORD0094259,15.01,0.9039
ORD0094260,10.76,0.5417
ORD0094261,13.66,0.0012
ORD0094262,11.88,0.0003
ORD0094263,10.82,0.0024
ORD0094264,42.05,0.0283
ORD0094265,15.84,0.1813
ORD0094266,11.64,0.9157
ORD0094267,11.27,0.5179
ORD0094268,11.49,0.9985
ORD0094269,17.23,0.9967
ORD0094270,15.58,0.9739
ORD0094271,13.32,0.0393
ORD0094272,13.36,0.0026
ORD0094273,17.82,0.0212
ORD0094275,23.4,0.3735
ORD0094276,28.11,0.3963
ORD0094278,11.96,0.0003
ORD0094279,10.81,0.1362
ORD0094280,22.47,0.0006
ORD0094281,20.18,0.9721
ORD0094282,15.23,0.0071
ORD0094283,15.46,0.9141
ORD0094284,9.6,0.0503
ORD0094285,15.56,0.0039
ORD0094286,18.96,0.0091
ORD0094287,22.55,0.9919
ORD0094289,14.08,0.9628
ORD0094290,12.94,0.0579
ORD0094291,14.52,0.999
ORD0094292,18.83,0.004
ORD0094293,11.92,0.157
ORD0094294,10.74,0.8531
ORD0094295,18.46,0.5832
ORD0094296,19.81,0.9276
ORD0094297,20.6,0.9926
ORD0094298,18.26,0.9935
ORD0094299,26.08,0.0128
ORD0094300,28.18,0.2378
ORD0094301,14.53,0.9976
ORD0094302,12.28,0.9998
ORD0094303,14.85,0.877
ORD0094304,109.31,0.0052
ORD0094305,53.6,0.384
ORD0094306,27.61,0.0008
ORD0094307,23.27,0.0026
ORD0094308,21.06,0.0013
ORD0094309,14.19,0.0002
ORD0094310,12.86,0.0006
ORD0094311,20.58,0.0287
ORD0094312,17.77,0.014
ORD0094313,17.11,0.001
ORD0094314,10.81,0.395
ORD0094315,17.53,0.866
ORD0094316,9.34,0.0026
ORD0094317,67.14,0.0001
ORD0094318,13.64,0.0354
ORD0094319,11.65,0.0145
ORD0094320,15.46,0.1537
ORD0094321,13.05,0.0295
ORD0094322,24.39,0.0012
ORD0094323,25.39,0.0008
ORD0094324,16.22,0.4784
ORD0094325,15.37,0.133
ORD0094326,25.22,0.005
ORD0094327,19.55,0.0021
ORD0094328,13.06,0.0112
ORD0094329,14.64,0.0061
ORD0094330,21.63,0.0023
ORD0094331,11.42,0.0043
ORD0094332,17.01,0.001
ORD0094333,13.2,0.0212
ORD0094334,10.08,0.0116
ORD0094335,16.62,0.0023
ORD0094336,12.82,0.0009
ORD0094337,13.37,0.0025
ORD0094338,10.08,0.0497
ORD0094339,9.4,0.0092
ORD0094340,10.27,0.006
ORD0094341,9.07,0.0388
ORD0094342,10.16,0.2032
ORD0094343,10.53,0.8776
ORD0094344,13.58,0.7294
ORD0094345,11.91,0.9863
ORD0094346,12.51,0.9958
ORD0094347,12.15,0.0001
ORD0094348,11.37,0.0001
ORD0094349,11.65,0.0001
ORD0094350,10.7,0.0003
ORD0094351,7.54,0.0001
ORD0094352,10.52,0.0007
ORD0094353,10.59,0.0001
ORD0094354,9.35,0.007
ORD0094355,8.84,0.0002
ORD0094356,11.69,0.0541
ORD0094357,10.14,0.0002
ORD0094358,9.82,0.0001
ORD0094359,10.61,0.0001
ORD0094360,15.35,0.0001
ORD0094361,13.23,0.0003
ORD0094362,23.97,0.0001
ORD0094363,21.44,0.0001
ORD0094364,9.9,0.0005
ORD0094365,14.69,0.0042
ORD0094366,14.27,0.0019
ORD0094367,93.91,0.2092
ORD0094368,58.13,0.0002
ORD0094369,21.54,0.0018
ORD0094370,19.0,0.0251
ORD0094371,18.71,0.0005
ORD0094372,24.98,0.5381
ORD0094373,14.06,0.0001
ORD0094374,10.64,0.0001
ORD0094375,18.96,0.9768
ORD0094376,18.04,0.005
ORD0094377,13.15,0.001
ORD0094378,14.92,0.0001
ORD0094379,19.2,0.2822
ORD0094380,14.27,0.0561
ORD0094381,9.58,0.0466
ORD0094382,7.66,0.0149
ORD0094383,13.87,0.5039
ORD0094384,9.08,0.1862
ORD0094385,24.47,0.8586
ORD0094386,18.66,0.3467
ORD0094387,12.86,0.0939
ORD0094388,11.8,0.1009
ORD0094389,11.55,0.1763
ORD0094390,12.98,0.3397
ORD0094391,11.52,0.3107
ORD0094392,22.38,0.0826
ORD0094393,15.64,0.1824
ORD0094394,14.68,0.1454
ORD0094395,10.76,0.3624
ORD0094396,17.16,0.0031
ORD0094397,13.39,0.0724
ORD0094398,15.71,0.0216
ORD0094399,14.68,0.3783
ORD0094400,49.89,0.422
ORD0094401,23.14,0.8779
ORD0094402,24.89,0.9279
ORD0094403,34.4,0.0002
ORD0094404,11.04,0.0001
ORD0094405,12.44,0.0981
ORD0094406,10.71,0.0008
ORD0094407,13.12,0.9735
ORD0094408,16.15,0.0004
ORD0094409,18.33,0.9827
ORD0094410,14.37,0.0001
ORD0094411,14.04,0.0003
ORD0094412,17.35,0.0778
ORD0094413,20.89,0.0536
ORD0094414,22.81,0.3349
ORD0094415,19.55,0.1225
ORD0094416,37.05,0.9622
ORD0094417,13.29,0.0006
ORD0094418,10.96,0.0002
ORD0094419,11.73,0.0001
ORD0094421,21.62,0.001
ORD0094423,26.38,0.9972
ORD0094425,13.85,0.0005
ORD0094426,22.65,0.0065
ORD0094427,16.35,0.0016
ORD0094428,19.73,0.0011
ORD0094430,73.77,0.0019
ORD0094431,66.03,0.0136
ORD0094432,54.1,0.0014
ORD0094433,94.67,0.001
ORD0094434,30.7,0.0001
ORD0094435,59.85,0.0001
ORD0094436,15.95,0.0002
ORD0094437,13.96,0.0007
ORD0094438,13.91,0.001
ORD0094439,13.86,0.003
ORD0094440,22.01,0.0001
ORD0094441,19.9,0.0001
ORD0094442,10.24,0.0031
ORD0094443,17.12,0.0733
ORD0094444,29.24,0.6057
ORD0094445,24.4,0.0401
ORD0094446,21.97,0.98
ORD0094447,38.07,0.0054
ORD0094448,15.03,0.995
ORD0094449,16.0,0.454
ORD0094450,15.46,0.0015
ORD0094451,14.25,0.0002
ORD0094452,32.23,0.2169
ORD0094453,17.29,0.003
ORD0094454,15.93,0.0019
ORD0094455,31.87,0.944
ORD0094456,26.11,0.7332
ORD0094457,21.77,0.0078
ORD0094458,20.77,0.0113
ORD0094459,18.0,0.996
ORD0094460,24.42,0.9995
ORD0094461,22.72,0.9823
ORD0094462,11.35,0.1498
ORD0094463,12.3,0.41
ORD0094464,18.01,0.728
ORD0094465,18.92,0.8737
ORD0094466,18.39,0.9122
ORD0094467,18.37,0.9726
ORD0094468,30.43,0.0279
ORD0094469,28.34,0.0227
ORD0094470,20.12,0.9814
ORD0094471,21.04,0.9926
ORD0094472,22.85,0.1256
ORD0094473,23.11,0.2842
ORD0094474,22.75,0.588
ORD0094475,17.25,0.8427
ORD0094476,25.11,0.0146
ORD0094477,23.51,0.0013
ORD0094478,16.1,0.0466
ORD0094479,15.23,0.0035
ORD0094480,18.66,0.0055
ORD0094481,14.12,0.0006
ORD0094482,16.45,0.3583
ORD0094483,13.23,0.0112
ORD0094484,12.14,0.0024
ORD0094485,16.69,0.9557
ORD0094486,20.01,0.0005
ORD0094487,21.53,0.5557
ORD0094488,17.28,0.1335
ORD0094489,15.27,0.1358
ORD0094490,10.34,0.0067
ORD0094491,14.4,0.0266
ORD0094492,8.8,0.0273
ORD0094493,8.59,0.0423
ORD0094494,15.74,0.1365
ORD0094495,15.24,0.1994
ORD0094496,11.89,0.3516
ORD0094497,13.93,0.0003
ORD0094498,12.46,0.0004
ORD0094499,13.58,0.5925
ORD0094500,12.09,0.0002
ORD0094501,12.07,0.0007
ORD0094502,11.55,0.0019
ORD0094503,9.12,0.0001
ORD0094504,9.01,0.0002
ORD0094505,11.0,0.0011
ORD0094506,11.64,0.0101
ORD0094507,10.39,0.0088
ORD0094508,11.4,0.3646
ORD0094509,12.15,0.0458
ORD0094510,13.19,0.7907
ORD0094511,11.64,0.0001
ORD0094512,17.13,0.0006
ORD0094513,20.25,0.0005
ORD0094514,24.27,0.0003
ORD0094515,13.07,0.0091
ORD0094516,16.81,0.0937
ORD0094517,15.49,0.0025
ORD0094518,25.57,0.0004
ORD0094519,85.65,0.0036
ORD0094520,56.93,0.0241
ORD0094521,55.17,0.0014
ORD0094522,65.25,0.0004
ORD0094523,93.33,0.0471
ORD0094524,24.69,0.0014
ORD0094525,22.11,0.0002
ORD0094526,20.41,0.0041
ORD0094527,23.74,0.0011
ORD0094528,22.15,0.0454
ORD0094529,14.95,0.0001
ORD0094530,22.89,0.8334
ORD0094531,19.35,0.0143
ORD0094532,17.73,0.0003
ORD0094533,20.14,0.3682
ORD0094534,11.32,0.0797
ORD0094535,17.32,0.6115
ORD0094536,10.83,0.453
ORD0094537,26.65,0.9482
ORD0094538,22.17,0.8527
ORD0094539,18.13,0.1515
ORD0094540,15.25,0.1236
ORD0094541,18.39,0.9746
ORD0094542,14.95,0.9794
ORD0094543,16.29,0.998
ORD0094544,14.59,0.5572
ORD0094545,26.39,0.7616
ORD0094546,18.21,0.9171
ORD0094547,14.64,0.8215
ORD0094548,21.62,0.027
ORD0094549,24.29,0.2141
ORD0094550,20.27,0.013
ORD0094551,47.38,0.7626
ORD0094552,42.81,0.0262
ORD0094553,24.22,0.9715
ORD0094554,29.72,0.1901
ORD0094555,11.82,0.0028
ORD0094556,11.1,0.0002
ORD0094557,12.76,0.2968
ORD0094558,11.26,0.005
ORD0094559,17.07,0.1174
ORD0094560,15.98,0.0025
ORD0094561,16.15,0.0013
ORD0094562,14.32,0.0008
ORD0094563,19.95,0.0067
ORD0094564,19.5,0.0117
ORD0094565,26.4,0.0713
ORD0094566,42.13,0.8857
ORD0094567,27.41,0.4645
ORD0094568,12.37,0.0001
ORD0094569,7.34,0.0181
ORD0094570,11.49,0.0008
ORD0094571,10.55,0.004
ORD0094572,27.98,0.0002
ORD0094573,27.76,0.9876
ORD0094574,15.68,0.0083
ORD0094575,24.2,0.0017
ORD0094576,18.53,0.0002
ORD0094577,25.52,0.1489
ORD0094578,17.49,0.0109
ORD0094579,16.63,0.3374
ORD0094580,13.78,0.0018
ORD0094581,23.2,0.0008
ORD0094582,12.54,0.0003
ORD0094583,10.06,0.0041
ORD0094584,22.97,0.9297
ORD0094585,16.31,0.0322
ORD0094586,24.88,0.0016
ORD0094587,29.08,0.238
ORD0094588,24.11,0.0035
ORD0094589,35.54,0.0001
ORD0094590,33.46,0.0002
ORD0094591,14.63,0.0139
ORD0094592,18.44,0.008
ORD0094593,19.77,0.0001
ORD0094594,111.68,0.0001
ORD0094595,32.48,0.0122
ORD0094596,17.94,0.0008
ORD0094597,28.06,0.2883
ORD0094598,21.72,0.0014
ORD0094599,20.15,0.0153
ORD0094600,17.94,0.9458
ORD0094601,13.88,0.8215
ORD0094602,24.07,0.9948
ORD0094603,11.5,0.0128
ORD0094604,11.74,0.4302
ORD0094605,18.81,0.0378
ORD0094606,18.38,0.1845
ORD0094607,32.38,0.0009
ORD0094608,19.31,0.6217
ORD0094609,18.33,0.0037
ORD0094610,29.38,0.0059
ORD0094611,24.64,0.0011
ORD0094612,18.8,0.0259
ORD0094613,80.84,0.0239
ORD0094614,59.86,0.0005
ORD0094615,27.52,0.0043
ORD0094616,15.7,0.0072
ORD0094617,18.01,0.0003
ORD0094618,20.29,0.0019
ORD0094619,15.93,0.0323
ORD0094620,12.5,0.0008
ORD0094621,62.02,0.0003
ORD0094622,12.81,0.0053
ORD0094623,15.97,0.0418
ORD0094624,19.72,0.0007
ORD0094625,19.74,0.005
ORD0094626,14.91,0.0006
ORD0094627,15.45,0.001
ORD0094628,12.49,0.0302
ORD0094629,16.52,0.2719
ORD0094630,32.62,0.0006
ORD0094631,55.52,0.0004
ORD0094632,8.54,0.0317
ORD0094633,13.81,0.1282
ORD0094634,15.32,0.0794
ORD0094635,11.71,0.5559
ORD0094636,13.66,0.0006
ORD0094637,12.24,0.0004
ORD0094638,10.93,0.0001
ORD0094639,10.76,0.0001
ORD0094640,9.91,0.0033
ORD0094641,7.67,0.0002
ORD0094642,10.8,0.0529
ORD0094643,10.63,0.0013
ORD0094644,9.97,0.4635
ORD0094645,12.51,0.9056
ORD0094646,10.72,0.014
ORD0094647,11.88,0.9551
ORD0094648,10.22,0.0001
ORD0094649,18.24,0.0417
ORD0094650,15.2,0.0005
ORD0094651,25.76,0.0114
ORD0094652,26.73,0.0002
ORD0094653,12.56,0.8315
ORD0094654,16.17,0.0037
ORD0094655,20.38,0.9919
ORD0094656,21.17,0.0007
ORD0094657,20.74,0.2157
ORD0094658,17.68,0.0036
ORD0094659,17.73,0.0247
ORD0094660,23.92,0.9323
ORD0094661,13.98,0.0001
ORD0094662,19.45,0.5474
ORD0094663,18.31,0.0003
ORD0094664,15.75,0.034
ORD0094665,17.81,0.3253
ORD0094666,18.34,0.4572
ORD0094667,9.95,0.0318
ORD0094668,14.54,0.538
ORD0094669,24.46,0.8793
ORD0094670,20.29,0.8756
ORD0094671,16.75,0.0924
ORD0094672,14.37,0.1122
ORD0094673,12.4,0.2957
ORD0094674,11.26,0.4215
ORD0094675,28.44,0.8607
ORD0094676,22.05,0.252
ORD0094677,19.18,0.9918
ORD0094678,119.56,0.1739
ORD0094679,18.55,0.001
ORD0094680,13.29,0.0004
ORD0094681,16.11,0.007
ORD0094682,17.58,0.0008
ORD0094683,54.28,0.2037
ORD0094684,34.97,0.0045
ORD0094685,27.91,0.8738
ORD0094686,27.33,0.0311
ORD0094687,12.17,0.9618
ORD0094688,12.05,0.9991
ORD0094689,11.99,0.9972
ORD0094690,18.7,0.9991
ORD0094691,16.87,0.9914
ORD0094692,13.39,0.0001
ORD0094693,12.35,0.2003
ORD0094694,17.53,0.6556
ORD0094695,13.97,0.0016
ORD0094696,24.49,0.9614
ORD0094697,22.69,0.0605
ORD0094698,27.1,0.9968
ORD0094699,33.62,0.9728
ORD0094700,9.47,0.0013
ORD0094701,9.41,0.0001
ORD0094702,9.93,0.0043
ORD0094703,20.28,0.0067
ORD0094704,19.05,0.0009
ORD0094705,25.63,0.9995
ORD0094706,20.07,0.9998
ORD0094707,15.51,0.9913
ORD0094708,16.87,0.0984
ORD0094709,13.42,0.0006
ORD0094710,21.59,0.0003
ORD0094711,25.83,0.9981
ORD0094712,16.94,0.0148
ORD0094713,14.02,0.3438
ORD0094714,11.88,0.0044
ORD0094715,27.31,0.0037
ORD0094716,21.47,0.0007
ORD0094717,13.57,0.7624
ORD0094718,10.14,0.0242
ORD0094719,16.84,0.9272
ORD0094720,14.38,0.2771
ORD0094721,31.38,0.9846
ORD0094722,19.87,0.999
ORD0094723,23.1,0.4018
ORD0094724,30.93,0.032
ORD0094725,39.29,0.009
ORD0094726,13.13,0.9818
ORD0094727,13.37,0.775
ORD0094728,14.17,0.0031
ORD0094729,15.84,0.0025
ORD0094730,25.14,0.015
ORD0094731,22.63,0.0066
ORD0094732,15.15,0.0007
ORD0094733,14.02,0.0007
ORD0094734,28.04,0.3377
ORD0094735,18.67,0.0014
ORD0094736,14.79,0.9366
ORD0094737,11.8,0.1142
ORD0094738,23.62,0.9953
ORD0094739,19.26,0.6282
ORD0094740,9.57,0.0129
ORD0094741,9.09,0.0036
ORD0094742,15.05,0.0788
ORD0094743,18.42,0.3553
ORD0094744,30.56,0.0008
ORD0094745,23.3,0.0005
ORD0094746,17.55,0.777
ORD0094747,18.82,0.0043
ORD0094748,17.04,0.037
ORD0094749,14.07,0.0039
ORD0094750,25.64,0.0005
ORD0094751,24.54,0.002
ORD0094752,28.18,0.002
ORD0094753,16.7,0.0089
ORD0094754,15.36,0.0027
ORD0094755,15.83,0.0009
ORD0094756,14.5,0.0004
ORD0094757,14.8,0.039
ORD0094758,16.0,0.9985
ORD0094759,13.67,0.8612
ORD0094760,19.81,0.993
ORD0094761,23.11,0.7044
ORD0094762,15.13,0.7807
ORD0094763,13.76,0.9997
ORD0094764,10.87,0.9889
ORD0094765,16.03,0.9999
ORD0094766,13.08,0.9979
ORD0094767,9.14,0.0243
ORD0094768,13.26,0.1327
ORD0094769,14.84,0.2796
ORD0094770,10.85,0.6187
ORD0094771,11.8,0.8902
ORD0094772,12.88,0.0002
ORD0094773,13.31,0.7978
ORD0094774,14.28,0.993
ORD0094775,12.48,0.0021
ORD0094776,12.06,0.0022
ORD0094777,13.1,0.9933
ORD0094778,8.42,0.0001
ORD0094779,8.63,0.0159
ORD0094780,11.37,0.0025
ORD0094781,10.73,0.0115
ORD0094782,13.01,0.999
ORD0094783,11.96,0.0266
ORD0094784,12.69,0.9981
ORD0094785,12.21,0.2918
ORD0094786,16.25,0.0323
ORD0094787,31.22,0.0123
ORD0094788,12.75,0.7018
ORD0094789,14.02,0.0351
ORD0094790,17.59,0.9786
ORD0094791,14.44,0.3787
ORD0094792,22.05,0.0077
ORD0094793,19.78,0.0032
ORD0094794,22.12,0.2231
ORD0094795,23.01,0.02
ORD0094796,25.05,0.9438
ORD0094797,20.96,0.2348
ORD0094798,13.28,0.0002
ORD0094799,12.35,0.0001
ORD0094800,23.56,0.9964
ORD0094801,20.16,0.923
ORD0094802,17.74,0.004
ORD0094803,16.53,0.0006
ORD0094804,24.13,0.5163
ORD0094805,16.04,0.5527
ORD0094806,9.35,0.0815
ORD0094807,8.39,0.0884
ORD0094808,13.64,0.8502
ORD0094809,14.09,0.8582
ORD0094810,24.42,0.9832
ORD0094811,20.71,0.1969
ORD0094812,14.33,0.2061
ORD0094813,37.38,0.0247
ORD0094814,15.04,0.6341
ORD0094815,11.7,0.3358
ORD0094816,16.05,0.9441
ORD0094817,21.58,0.1457
ORD0094818,21.37,0.1322
ORD0094819,18.37,0.2791
ORD0094820,20.02,0.1849
ORD0094821,19.66,0.7957
ORD0094822,19.05,0.455
ORD0094823,44.57,0.9944
ORD0094824,46.1,0.9921
ORD0094825,23.97,0.999
ORD0094826,9.27,0.0001
ORD0094827,8.74,0.0005
ORD0094828,13.4,0.0003
ORD0094829,13.12,0.0008
ORD0094830,15.16,0.0011
ORD0094831,24.17,0.0042
ORD0094832,21.71,0.0105
ORD0094833,25.07,0.0321
ORD0094834,20.7,0.0618
ORD0094835,9.71,0.0002
ORD0094836,7.06,0.0013
ORD0094837,10.8,0.0007
ORD0094838,20.57,0.0003
ORD0094839,19.38,0.0005
ORD0094840,18.73,0.3692
ORD0094841,17.99,0.5601
ORD0094842,12.71,0.0178
ORD0094843,10.41,0.8
ORD0094844,17.86,0.0006
ORD0094845,18.16,0.1536
ORD0094846,25.16,0.9944
ORD0094847,12.38,0.0006
ORD0094848,12.73,0.0003
ORD0094849,11.67,0.0027
ORD0094850,20.58,0.0002
ORD0094851,18.14,0.0002
ORD0094852,9.28,0.0058
ORD0094853,14.52,0.0168
ORD0094854,12.91,0.0021
ORD0094855,18.57,0.0902
ORD0094856,19.98,0.0085
ORD0094857,14.23,0.7835
ORD0094858,14.87,0.0345
ORD0094859,23.3,0.0006
ORD0094860,12.22,0.9563
ORD0094861,9.8,0.1312
ORD0094862,15.38,0.0005
ORD0094863,23.37,0.0078
ORD0094864,21.01,0.0008
ORD0094865,13.12,0.001
ORD0094866,19.8,0.1795
ORD0094867,17.95,0.0042
ORD0094868,18.59,0.0016
ORD0094869,20.66,0.0005
ORD0094870,14.7,0.8679
ORD0094871,10.37,0.0243
ORD0094872,19.71,0.9835
ORD0094873,17.65,0.122
ORD0094874,9.11,0.0095
ORD0094875,24.58,0.0002
ORD0094876,21.13,0.0003
ORD0094877,14.18,0.9338
ORD0094878,14.27,0.4136
ORD0094879,15.82,0.9787
ORD0094880,14.06,0.6153
ORD0094881,30.07,0.4593
ORD0094882,17.88,0.9934
ORD0094883,17.02,0.8343
ORD0094884,32.02,0.7994
ORD0094885,26.27,0.4323
ORD0094886,20.3,0.9568
ORD0094887,19.89,0.0009
ORD0094888,23.91,0.8426
ORD0094889,12.78,0.0023
ORD0094890,14.04,0.0005
ORD0094891,14.93,0.4667
ORD0094892,13.44,0.0106
ORD0094893,15.06,0.9622
ORD0094894,10.65,0.0108
ORD0094895,14.99,0.0027
ORD0094896,14.96,0.9114
ORD0094897,10.48,0.064
ORD0094898,8.95,0.0018
ORD0094899,10.99,0.1532
ORD0094900,9.5,0.0091
ORD0094901,8.71,0.0131
ORD0094902,7.0,0.0128
ORD0094903,13.89,0.0341
ORD0094904,10.63,0.0469
ORD0094905,10.07,0.1161
ORD0094906,9.77,0.3426
ORD0094907,13.08,0.0083
ORD0094908,11.74,0.0005
ORD0094909,10.6,0.0003
ORD0094910,11.34,0.109
ORD0094911,11.39,0.0021
ORD0094912,7.8,0.0005
ORD0094913,8.08,0.0004
ORD0094914,12.03,0.8076
ORD0094915,10.13,0.9744
ORD0094916,13.78,0.9875
ORD0094917,11.68,0.0242
ORD0094918,11.1,0.0019
ORD0094919,17.12,0.9538
ORD0094920,22.04,0.6985
ORD0094921,26.59,0.6928
ORD0094922,12.14,0.9989
ORD0094923,14.65,0.9838
ORD0094924,17.26,0.9997
ORD0094925,14.48,0.9989
ORD0094926,20.32,0.0011
ORD0094927,20.53,0.0969
ORD0094928,19.66,0.0081
ORD0094929,20.0,0.0639
ORD0094930,23.22,0.8256
ORD0094931,13.63,0.0001
ORD0094932,10.8,0.0006
ORD0094933,21.0,0.8423
ORD0094934,17.37,0.0003
ORD0094935,14.81,0.028
ORD0094936,89.66,0.0001
ORD0094937,21.26,0.0001
ORD0094938,19.17,0.9814
ORD0094939,12.44,0.9158
ORD0094940,9.33,0.6098
ORD0094941,17.11,0.9963
ORD0094942,27.67,0.9993
ORD0094943,18.64,0.9525
ORD0094944,15.21,0.8131
ORD0094945,12.33,0.2348
ORD0094946,12.82,0.5655
ORD0094947,11.9,0.4155
ORD0094948,10.71,0.0538
ORD0094949,20.66,0.2452
ORD0094950,15.66,0.4483
ORD0094951,13.07,0.8647
ORD0094952,38.24,0.0964
ORD0094953,18.95,0.0008
ORD0094954,13.98,0.0006
ORD0094955,15.22,0.0021
ORD0094956,38.44,0.0094
ORD0094957,33.12,0.0039
ORD0094958,21.86,0.1264
ORD0094959,25.54,0.0287
ORD0094960,9.56,0.0064
ORD0094961,9.56,0.0904
ORD0094962,9.82,0.3322
ORD0094963,9.97,0.2917
ORD0094964,14.15,0.135
ORD0094965,12.28,0.0066
ORD0094966,11.86,0.0002
ORD0094967,17.98,0.1186
ORD0094968,16.49,0.0009
ORD0094969,22.89,0.7242
ORD0094970,8.36,0.0001
ORD0094971,8.57,0.0094
ORD0094972,9.26,0.001
ORD0094973,8.59,0.0006
ORD0094974,21.12,0.0001
ORD0094975,18.36,0.13
ORD0094976,18.15,0.987
ORD0094977,14.87,0.0435
ORD0094978,12.52,0.9936
ORD0094979,12.45,0.891
ORD0094980,15.19,0.0001
ORD0094981,13.2,0.0005
ORD0094982,46.54,0.0086
ORD0094983,50.45,0.0002
ORD0094984,61.52,0.0005
ORD0094985,11.74,0.0005
ORD0094986,11.28,0.0001
ORD0094987,11.21,0.0049
ORD0094988,8.97,0.0003
ORD0094989,19.43,0.0004
ORD0094990,19.53,0.0002
ORD0094991,11.44,0.0271
ORD0094992,8.63,0.0043
ORD0094993,13.54,0.1943
ORD0094994,11.58,0.02
ORD0094995,20.98,0.7856
ORD0094996,20.72,0.2306
ORD0094997,16.59,0.993
ORD0094998,15.45,0.9355
ORD0094999,24.51,0.0025
ORD0095000,30.89,0.0005
ORD0095001,10.87,0.9918
ORD0095002,10.81,0.0013
ORD0095003,12.56,0.0003
ORD0095004,25.48,0.0406
ORD0095005,20.4,0.0342
ORD0095006,15.09,0.0007
ORD0095007,12.69,0.0007
ORD0095008,20.39,0.7147
ORD0095009,20.43,0.723
ORD0095010,15.8,0.0023
ORD0095011,16.28,0.0025
ORD0095012,15.55,0.9775
ORD0095013,10.5,0.9715
ORD0095014,17.41,0.9929
ORD0095015,18.77,0.9907
ORD0095016,8.83,0.037
ORD0095017,7.96,0.0355
ORD0095018,41.73,0.0001
ORD0095019,12.48,0.0144
ORD0095020,13.74,0.0031
ORD0095021,15.19,0.0735
ORD0095022,13.19,0.0164
ORD0095023,26.22,0.0007
ORD0095024,20.26,0.0005
ORD0095025,14.82,0.2246
ORD0095026,19.62,0.0016
ORD0095027,15.1,0.0098
ORD0095028,11.9,0.0022
ORD0095029,17.97,0.009
ORD0095030,18.94,0.0006
ORD0095031,12.83,0.034
ORD0095032,12.5,0.0019
ORD0095033,13.63,0.0048
ORD0095034,11.64,0.0005
ORD0095035,14.55,0.3858
ORD0095036,8.94,0.0063
ORD0095037,9.34,0.3581
ORD0095038,10.56,0.073
ORD0095039,14.81,0.06
ORD0095040,13.98,0.0218
ORD0095041,12.66,0.0277
ORD0095042,11.73,0.0101
ORD0095043,8.02,0.001
ORD0095044,7.17,0.0008
ORD0095045,10.96,0.8079
ORD0095046,9.09,0.3734
ORD0095047,7.49,0.2335
ORD0095048,8.58,0.8921
ORD0095049,12.52,0.6814
ORD0095050,11.07,0.9736
ORD0095051,12.45,0.9932
ORD0095052,9.15,0.0001
ORD0095053,9.36,0.0001
ORD0095054,7.8,0.0003
ORD0095055,8.24,0.0001
ORD0095056,6.07,0.0001
ORD0095057,5.65,0.0001
ORD0095058,8.33,0.001
ORD0095059,8.2,0.0001
ORD0095060,7.65,0.0139
ORD0095061,6.77,0.0003
ORD0095062,10.15,0.1118
ORD0095063,8.69,0.0001
ORD0095064,8.03,0.0001
ORD0095065,12.02,0.0011
ORD0095066,14.04,0.0295
ORD0095067,18.4,0.0008
ORD0095068,21.82,0.0108
ORD0095069,7.95,0.0345
ORD0095070,8.98,0.7552
ORD0095071,15.22,0.4518
ORD0095072,18.86,0.0018
ORD0095073,16.16,0.0155
ORD0095074,16.74,0.0837
ORD0095075,19.17,0.2327
ORD0095076,20.84,0.5992
ORD0095077,9.92,0.0001
ORD0095078,9.76,0.0042
ORD0095079,18.26,0.962
ORD0095080,16.72,0.9916
ORD0095081,11.07,0.0008
ORD0095082,16.09,0.1734
ORD0095083,13.22,0.1821
ORD0095084,6.33,0.0325
ORD0095085,5.99,0.0445
ORD0095086,10.53,0.3417
ORD0095087,9.46,0.5695
ORD0095088,20.7,0.6656
ORD0095089,17.85,0.9279
ORD0095090,10.68,0.0478
ORD0095091,9.41,0.0739
ORD0095092,9.61,0.1586
ORD0095093,9.56,0.2752
ORD0095094,20.44,0.5151
ORD0095095,15.83,0.179
ORD0095096,14.25,0.8292
ORD0095097,11.72,0.3498
ORD0095098,13.85,0.0369
ORD0095099,12.83,0.8774
ORD0095100,15.78,0.2041
ORD0095101,36.02,0.7588
ORD0095102,18.76,0.9485
ORD0095103,9.13,0.0001
ORD0095104,9.46,0.0001
ORD0095105,8.96,0.0002
ORD0095106,13.04,0.0001
ORD0095107,11.8,0.0002
ORD0095108,12.35,0.0002
ORD0095109,12.35,0.3889
ORD0095110,13.94,0.0026
ORD0095111,12.9,0.0002
ORD0095112,21.0,0.0506
ORD0095113,25.95,0.5503
ORD0095114,16.1,0.0035
ORD0095115,10.97,0.0004
ORD0095116,10.12,0.0093
ORD0095117,20.37,0.0004
ORD0095118,20.48,0.9475
ORD0095119,16.73,0.5444
ORD0095120,15.98,0.9993
ORD0095121,13.64,0.9765
ORD0095122,15.65,0.0007
ORD0095123,12.42,0.0001
ORD0095124,17.11,0.0011
ORD0095125,23.58,0.9934
ORD0095126,13.28,0.0003
ORD0095127,11.81,0.0001
ORD0095128,12.36,0.0016
ORD0095129,17.69,0.0002
ORD0095130,13.02,0.0081
ORD0095131,10.57,0.0003
ORD0095132,12.16,0.0008
ORD0095133,19.37,0.1313
ORD0095134,17.7,0.8418
ORD0095135,14.77,0.0011
ORD0095136,25.71,0.0006
ORD0095137,32.88,0.0001
ORD0095138,12.1,0.976
ORD0095139,10.36,0.0028
ORD0095140,13.21,0.0001
ORD0095141,71.36,0.0001
ORD0095142,38.57,0.0259
ORD0095143,20.42,0.0001
ORD0095144,23.8,0.0033
ORD0095145,18.63,0.0236
ORD0095146,13.42,0.0007
ORD0095147,12.4,0.0119
ORD0095148,22.24,0.0543
ORD0095149,19.63,0.5868
ORD0095150,17.03,0.0009
ORD0095151,12.79,0.4861
ORD0095152,20.78,0.9285
ORD0095153,8.98,0.0031
ORD0095154,12.92,0.0201
ORD0095155,12.41,0.0137
ORD0095156,13.83,0.0861
ORD0095157,12.52,0.0405
ORD0095158,28.73,0.0008
ORD0095159,23.52,0.0005
ORD0095160,16.63,0.3767
ORD0095161,15.2,0.1802
ORD0095162,20.15,0.0023
ORD0095163,19.76,0.0015
ORD0095164,16.86,0.0135
ORD0095165,13.59,0.0057
ORD0095166,20.04,0.0007
ORD0095167,12.39,0.0012
ORD0095168,14.25,0.0004
ORD0095169,12.18,0.0046
ORD0095170,11.83,0.029
ORD0095171,16.15,0.006
ORD0095172,14.92,0.9325
ORD0095173,12.14,0.0844
ORD0095174,10.82,0.2118
ORD0095175,8.55,0.3482
ORD0095176,14.71,0.5137
ORD0095177,10.48,0.8074
ORD0095178,7.11,0.0522
ORD0095179,7.17,0.1469
ORD0095180,15.51,0.2821
ORD0095181,11.02,0.8348
ORD0095182,10.22,0.829
ORD0095183,12.31,0.0002
ORD0095184,11.46,0.0001
ORD0095185,10.58,0.0001
ORD0095186,9.52,0.0002
ORD0095187,7.6,0.0001
ORD0095188,10.2,0.0008
ORD0095189,10.44,0.0001
ORD0095190,9.04,0.0116
ORD0095191,8.76,0.0002
ORD0095192,13.09,0.084
ORD0095193,10.22,0.0002
ORD0095194,10.06,0.0001
ORD0095195,11.12,0.0001
ORD0095196,14.59,0.0006
ORD0095197,16.58,0.909
ORD0095198,24.45,0.0002
ORD0095199,27.0,0.8673
ORD0095200,9.91,0.0064
ORD0095201,16.13,0.0667
ORD0095202,14.9,0.9936
ORD0095203,34.69,0.0001
ORD0095204,127.88,0.0053
ORD0095205,19.16,0.0039
ORD0095206,19.23,0.0973
ORD0095207,17.18,0.0275
ORD0095208,23.16,0.7529
ORD0095209,11.74,0.0001
ORD0095210,10.42,0.0002
ORD0095211,21.76,0.9928
ORD0095212,18.62,0.7175
ORD0095213,15.05,0.0034
ORD0095214,15.46,0.0106
ORD0095215,16.76,0.291
ORD0095216,15.97,0.0944
ORD0095217,9.1,0.0539
ORD0095218,7.91,0.0277
ORD0095219,12.98,0.6404
ORD0095220,9.42,0.1814
ORD0095221,24.09,0.92
ORD0095222,16.57,0.5146
ORD0095223,14.2,0.0938
ORD0095224,12.39,0.5244
ORD0095225,11.09,0.0713
ORD0095226,13.02,0.7884
ORD0095227,10.79,0.1252
ORD0095228,18.78,0.2051
ORD0095229,16.75,0.1847
ORD0095230,14.84,0.3846
ORD0095231,13.06,0.3828
ORD0095232,60.77,0.13
ORD0095233,19.89,0.0348
ORD0095234,15.57,0.9477
ORD0095235,16.48,0.4017
ORD0095236,19.7,0.9967
ORD0095237,55.22,0.9394
ORD0095238,26.27,0.9898
ORD0095239,25.91,0.9992
ORD0095240,32.23,0.0013
ORD0095241,12.36,0.2002
ORD0095242,11.81,0.0004
ORD0095243,13.3,0.9938
ORD0095244,10.65,0.006
ORD0095245,19.36,0.98
ORD0095246,15.95,0.0013
ORD0095247,16.41,0.3804
ORD0095248,14.63,0.7586
ORD0095249,21.13,0.381
ORD0095250,15.65,0.0323
ORD0095251,31.29,0.9921
ORD0095252,23.86,0.9892
ORD0095253,38.72,0.9986
ORD0095254,11.89,0.0012
ORD0095255,10.03,0.0014
ORD0095256,13.71,0.943
ORD0095257,11.33,0.3376
ORD0095258,24.58,0.0024
ORD0095259,19.69,0.0017
ORD0095260,24.02,0.9802
ORD0095261,25.16,0.9985
ORD0095262,18.76,0.9985
ORD0095263,23.16,0.0202
ORD0095264,16.77,0.0043
ORD0095265,25.92,0.9997
ORD0095266,25.83,0.9993
ORD0095267,65.69,0.0759
ORD0095268,88.54,0.9992
ORD0095269,50.99,0.0222
ORD0095270,67.64,0.0046
ORD0095271,27.29,0.0019
ORD0095272,48.22,0.0005
ORD0095273,18.25,0.0004
ORD0095274,14.51,0.007
ORD0095275,14.54,0.0026
ORD0095276,14.1,0.1192
ORD0095277,25.29,0.0003
ORD0095278,19.45,0.0006
ORD0095279,11.27,0.0151
ORD0095280,15.82,0.0252
ORD0095281,26.73,0.3931
ORD0095282,25.07,0.729
ORD0095283,20.03,0.9741
ORD0095284,33.48,0.0039
ORD0095285,13.38,0.4485
ORD0095286,17.57,0.9894
ORD0095287,18.07,0.001
ORD0095288,17.47,0.0035
ORD0095289,36.75,0.919
ORD0095290,17.98,0.0106
ORD0095291,16.1,0.003
ORD0095292,35.04,0.9941
ORD0095293,24.53,0.4482
ORD0095294,20.62,0.0511
ORD0095295,21.24,0.005
ORD0095296,19.76,0.9992
ORD0095297,25.66,0.9998
ORD0095298,22.2,0.9562
ORD0095299,11.72,0.8457
ORD0095300,10.57,0.0981
ORD0095301,19.22,0.5826
ORD0095302,16.35,0.0465
ORD0095303,20.85,0.9381
ORD0095304,15.91,0.1862
ORD0095305,31.95,0.0046
ORD0095306,26.84,0.0011
ORD0095307,22.4,0.9934
ORD0095308,19.66,0.6213
ORD0095309,26.07,0.0871
ORD0095310,20.19,0.0039
ORD0095311,19.43,0.4064
ORD0095312,16.13,0.027
ORD0095313,24.77,0.0028
ORD0095314,25.29,0.0024
ORD0095315,14.19,0.0044
ORD0095316,16.03,0.0045
ORD0095317,19.87,0.0015
ORD0095318,14.24,0.0014
ORD0095319,15.29,0.014
ORD0095320,12.08,0.0084
ORD0095321,11.97,0.043
ORD0095322,16.89,0.8421
ORD0095323,18.9,0.2717
ORD0095324,21.34,0.2889
ORD0095325,15.85,0.0059
ORD0095326,16.56,0.0513
ORD0095327,10.14,0.1017
ORD0095328,14.96,0.3077
ORD0095329,10.31,0.0299
ORD0095330,9.12,0.0225
ORD0095331,14.34,0.1217
ORD0095332,13.49,0.1095
ORD0095333,11.48,0.4519
ORD0095334,14.11,0.018
ORD0095335,12.3,0.0002
ORD0095336,12.61,0.0002
ORD0095337,12.57,0.0001
ORD0095338,11.75,0.1775
ORD0095339,12.27,0.0007
ORD0095340,8.69,0.0005
ORD0095341,8.96,0.0001
ORD0095342,12.48,0.8247
ORD0095343,11.46,0.0054
ORD0095344,12.49,0.9728
ORD0095345,11.53,0.1384
ORD0095346,14.67,0.9707
ORD0095347,13.43,0.5452
ORD0095348,11.11,0.0027
ORD0095349,14.97,0.0002
ORD0095350,15.91,0.0001
ORD0095351,22.49,0.0001
ORD0095352,10.01,0.0013
ORD0095353,17.56,0.0133
ORD0095354,14.43,0.0008
ORD0095355,26.58,0.0001
ORD0095356,69.01,0.0008
ORD0095357,46.51,0.0025
ORD0095358,52.38,0.0003
ORD0095359,68.65,0.0001
ORD0095360,97.44,0.5159
ORD0095361,50.15,0.0001
ORD0095362,22.69,0.0009
ORD0095363,21.64,0.0001
ORD0095364,21.01,0.0036
ORD0095365,23.62,0.0004
ORD0095366,23.25,0.0407
ORD0095367,14.46,0.0001
ORD0095368,22.43,0.7988
ORD0095369,16.99,0.0031
ORD0095370,16.36,0.0002
ORD0095371,20.94,0.3728
ORD0095372,10.35,0.0506
ORD0095373,15.97,0.6618
ORD0095374,14.34,0.7379
ORD0095375,26.4,0.9534
ORD0095376,29.74,0.9709
ORD0095377,15.36,0.133
ORD0095378,15.46,0.2448
ORD0095379,14.98,0.5616
ORD0095380,14.54,0.2358
ORD0095381,15.66,0.91
ORD0095382,13.92,0.5558
ORD0095383,26.57,0.3546
ORD0095384,16.06,0.5319
ORD0095385,14.15,0.4388
ORD0095386,19.37,0.0008
ORD0095387,17.71,0.0044
ORD0095388,19.6,0.0005
ORD0095389,47.45,0.0493
ORD0095390,40.58,0.0015
ORD0095391,25.78,0.5597
ORD0095392,25.78,0.005
ORD0095393,11.79,0.0002
ORD0095394,11.48,0.0001
ORD0095395,11.45,0.0069
ORD0095396,10.29,0.0006
ORD0095397,15.57,0.004
ORD0095398,15.15,0.0003
ORD0095399,16.23,0.0026
ORD0095401,20.6,0.0016
ORD0095402,16.35,0.0323
ORD0095403,29.43,0.0069
ORD0095404,38.72,0.0881
ORD0095405,25.58,0.9312
ORD0095406,14.1,0.0001
ORD0095408,11.69,0.001
ORD0095409,10.45,0.0058
ORD0095410,26.28,0.0003
ORD0095411,24.39,0.0692
ORD0095412,19.05,0.4509
ORD0095413,22.46,0.0003
ORD0095414,15.89,0.0036
ORD0095415,28.35,0.92
ORD0095416,106.71,0.001
ORD0095417,15.9,0.0001
ORD0095418,15.05,0.0007
ORD0095419,13.28,0.0026
ORD0095420,25.41,0.0002
ORD0095421,13.4,0.0032
ORD0095422,10.26,0.0069
ORD0095423,19.88,0.0133
ORD0095424,16.98,0.0592
ORD0095425,25.13,0.0054
ORD0095426,29.89,0.6702
ORD0095427,23.1,0.1906
ORD0095428,30.87,0.0003
ORD0095429,35.1,0.0004
ORD0095430,17.23,0.7545
ORD0095431,15.6,0.0001
ORD0095432,18.37,0.0002
ORD0095433,25.52,0.0053
ORD0095434,17.75,0.0004
ORD0095435,30.35,0.1414
ORD0095436,22.89,0.0007
ORD0095437,21.41,0.0003
ORD0095438,17.24,0.847
ORD0095439,11.94,0.0057
ORD0095440,22.91,0.9894
ORD0095441,10.68,0.0064
ORD0095442,11.87,0.0016
ORD0095443,23.05,0.9905
ORD0095444,22.36,0.9977
ORD0095445,33.32,0.5499
ORD0095446,22.09,0.9986
ORD0095447,21.43,0.9981
ORD0095448,36.73,0.9529
ORD0095449,33.88,0.9965
ORD0095450,26.6,0.9905
ORD0095451,78.1,0.9895
ORD0095452,59.42,0.0196
ORD0095453,33.87,0.1238
ORD0095454,17.73,0.3163
ORD0095455,16.93,0.0004
ORD0095456,18.55,0.0209
ORD0095457,15.36,0.843
ORD0095458,15.37,0.0015
ORD0095459,46.35,0.0004
ORD0095460,16.4,0.2904
ORD0095461,13.37,0.3473
ORD0095462,18.8,0.0397
ORD0095463,19.56,0.0418
ORD0095464,17.8,0.0134
ORD0095465,17.85,0.011
ORD0095466,10.77,0.0009
ORD0095467,15.64,0.8348
ORD0095468,32.73,0.0017
ORD0095469,57.17,0.0012
ORD0095470,12.31,0.5771
ORD0095471,17.32,0.9191
ORD0095472,17.65,0.9386
ORD0095473,12.87,0.9905
ORD0095474,13.21,0.0002
ORD0095475,11.76,0.0003
ORD0095476,11.6,0.0002
ORD0095477,11.63,0.0001
ORD0095478,10.39,0.0008
ORD0095479,7.86,0.0001
ORD0095480,10.39,0.0024
ORD0095481,10.81,0.0009
ORD0095482,10.27,0.0372
ORD0095483,12.4,0.4501
ORD0095484,10.73,0.0041
ORD0095485,10.22,0.0002
ORD0095486,10.68,0.0001
ORD0095487,16.32,0.0007
ORD0095488,16.52,0.0019
ORD0095489,26.54,0.0003
ORD0095490,30.35,0.0003
ORD0095491,9.49,0.0039
ORD0095492,9.34,0.0153
ORD0095493,19.42,0.1728
ORD0095494,22.43,0.0069
ORD0095495,18.79,0.0106
ORD0095496,20.2,0.114
ORD0095497,21.82,0.8404
ORD0095498,26.42,0.8126
ORD0095499,15.37,0.0002
ORD0095500,23.07,0.9863
ORD0095501,16.55,0.0015
ORD0095502,17.3,0.0036
ORD0095503,24.02,0.959
ORD0095504,16.98,0.0205
ORD0095505,12.53,0.5315
ORD0095506,17.31,0.9933
ORD0095507,26.08,0.9991
ORD0095508,18.04,0.0476
ORD0095509,18.8,0.8342
ORD0095510,13.83,0.1142
ORD0095511,12.32,0.2964
ORD0095512,11.37,0.4342
ORD0095513,22.69,0.619
ORD0095514,19.36,0.2508
ORD0095515,15.32,0.9334
ORD0095516,20.37,0.0825
ORD0095517,15.96,0.3535
ORD0095518,22.17,0.7275
ORD0095519,19.11,0.9633
ORD0095520,61.81,0.9896
ORD0095521,55.7,0.9979
ORD0095522,29.11,0.9981
ORD0095523,28.52,0.9994
ORD0095524,10.27,0.0003
ORD0095525,11.08,0.0088
ORD0095526,9.7,0.0009
ORD0095527,15.51,0.0019
ORD0095528,14.83,0.0004
ORD0095529,12.95,0.0501
ORD0095530,13.39,0.9631
ORD0095531,19.1,0.0137
ORD0095532,13.2,0.0031
ORD0095533,24.01,0.2685
ORD0095534,31.24,0.9417
ORD0095535,30.67,0.9109
ORD0095536,27.77,0.9986
ORD0095537,12.79,0.0006
ORD0095538,11.75,0.0106
ORD0095540,24.27,0.0008
ORD0095541,20.19,0.001
ORD0095542,21.58,0.8166
ORD0095543,17.07,0.991
ORD0095544,15.16,0.9853
ORD0095545,17.36,0.0019
ORD0095546,16.04,0.0015
ORD0095547,23.89,0.9989
ORD0095548,21.17,0.9993
ORD0095549,15.81,0.0003
ORD0095550,13.3,0.0016
ORD0095551,10.85,0.0015
ORD0095552,23.78,0.0003
ORD0095553,19.38,0.0001
ORD0095554,11.65,0.0149
ORD0095555,10.85,0.0003
ORD0095556,14.26,0.1205
ORD0095557,14.75,0.0003
ORD0095558,27.35,0.8941
ORD0095559,18.35,0.1942
ORD0095560,14.78,0.0022
ORD0095561,34.41,0.0059
ORD0095562,34.9,0.0001
ORD0095563,14.78,0.8775
ORD0095564,11.64,0.0127
ORD0095565,16.85,0.0016
ORD0095566,13.61,0.0005
ORD0095567,88.51,0.0001
ORD0095568,33.1,0.0079
ORD0095569,25.34,0.0065
ORD0095570,16.95,0.0002
ORD0095571,13.92,0.0009
ORD0095572,30.23,0.1414
ORD0095573,20.39,0.0009
ORD0095574,14.25,0.8936
ORD0095575,10.84,0.131
ORD0095576,23.11,0.9879
ORD0095577,19.76,0.6911
ORD0095578,9.52,0.0048
ORD0095579,8.89,0.005
ORD0095580,16.51,0.3405
ORD0095581,17.25,0.8334
ORD0095582,30.31,0.0017
ORD0095583,26.93,0.0008
ORD0095584,20.79,0.9626
ORD0095585,24.27,0.0144
ORD0095586,15.87,0.3302
ORD0095587,16.69,0.0087
ORD0095588,32.67,0.0038
ORD0095589,21.92,0.002
ORD0095590,13.84,0.0152
ORD0095591,13.37,0.0066
ORD0095592,15.16,0.0014
ORD0095593,13.01,0.0009
ORD0095594,14.47,0.0828
ORD0095595,12.39,0.1407
ORD0095596,14.49,0.2897
ORD0095597,20.51,0.943
ORD0095598,16.6,0.0512
ORD0095599,15.94,0.0215
ORD0095600,12.2,0.3818
ORD0095601,10.36,0.7619
ORD0095602,14.89,0.8951
ORD0095603,14.57,0.9908
ORD0095604,27.73,0.0044
ORD0095605,8.02,0.0676
ORD0095606,15.1,0.3686
ORD0095607,12.62,0.1084
ORD0095608,11.48,0.8267
ORD0095609,10.15,0.557
ORD0095610,12.79,0.0011
ORD0095611,12.62,0.0009
ORD0095612,12.31,0.0003
ORD0095613,11.5,0.0001
ORD0095614,11.14,0.0071
ORD0095615,11.29,0.0028
ORD0095616,8.56,0.0004
ORD0095617,8.53,0.0002
ORD0095618,11.08,0.0931
ORD0095619,10.6,0.9319
ORD0095620,10.25,0.0684
ORD0095621,13.35,0.9894
ORD0095622,12.14,0.991
ORD0095623,11.42,0.0005
ORD0095624,16.54,0.7628
ORD0095625,26.54,0.3921
ORD0095626,14.82,0.9978
ORD0095627,11.27,0.0001
ORD0095628,17.04,0.9995
ORD0095629,13.39,0.0003
ORD0095630,19.25,0.0088
ORD0095631,20.23,0.0006
ORD0095632,20.62,0.3154
ORD0095633,18.31,0.0008
ORD0095634,22.36,0.9491
ORD0095635,20.19,0.0445
ORD0095636,12.39,0.0002
ORD0095637,11.8,0.0001
ORD0095638,20.64,0.9967
ORD0095639,15.97,0.7253
ORD0095640,16.35,0.0049
ORD0095641,14.39,0.0003
ORD0095642,23.84,0.0001
ORD0095643,20.37,0.4868
ORD0095644,18.42,0.6032
ORD0095645,9.02,0.0503
ORD0095646,8.44,0.0974
ORD0095647,15.01,0.6663
ORD0095648,12.29,0.9223
ORD0095649,26.85,0.9394
ORD0095650,16.52,0.1459
ORD0095651,13.48,0.2458
ORD0095652,30.25,0.0188
ORD0095653,16.33,0.1971
ORD0095654,12.5,0.6869
ORD0095655,14.78,0.5174
ORD0095656,23.99,0.4967
ORD0095657,20.23,0.4969
ORD0095658,20.31,0.8532
ORD0095659,20.05,0.0077
ORD0095660,20.49,0.1054
ORD0095661,18.29,0.0104
ORD0095662,58.99,0.6724
ORD0095663,40.29,0.0642
ORD0095664,25.63,0.9578
ORD0095665,9.23,0.0002
ORD0095666,8.64,0.0009
ORD0095667,12.64,0.0005
ORD0095668,14.4,0.0014
ORD0095669,16.61,0.0253
ORD0095670,24.2,0.1177
ORD0095671,18.45,0.0177
ORD0095672,28.82,0.8816
ORD0095673,19.76,0.1346
ORD0095674,11.02,0.0003
ORD0095675,7.41,0.0003
ORD0095676,10.36,0.0007
ORD0095677,24.54,0.0007
ORD0095678,19.51,0.0005
ORD0095679,22.61,0.9915
ORD0095680,15.94,0.4976
ORD0095681,13.15,0.0227
ORD0095682,13.2,0.9784
ORD0095683,15.11,0.003
ORD0095684,20.28,0.1827
ORD0095685,27.12,0.9865
ORD0095686,13.2,0.0011
ORD0095687,12.63,0.0003
ORD0095688,11.69,0.0216
ORD0095689,19.51,0.0007
ORD0095690,19.4,0.0002
ORD0095691,11.01,0.0021
ORD0095692,15.71,0.0088
ORD0095693,13.04,0.0031
ORD0095694,23.82,0.5471
ORD0095695,20.45,0.0169
ORD0095696,17.04,0.1257
ORD0095697,16.56,0.1187
ORD0095698,32.41,0.0004
ORD0095699,13.46,0.6687
ORD0095700,13.72,0.8191
ORD0095701,16.65,0.0003
ORD0095702,25.5,0.0035
ORD0095703,21.07,0.0027
ORD0095704,16.45,0.0006
ORD0095705,20.24,0.0804
ORD0095706,16.94,0.036
ORD0095707,17.16,0.001
ORD0095708,18.91,0.001
ORD0095709,14.71,0.6023
ORD0095710,11.02,0.6593
ORD0095711,19.95,0.9672
ORD0095712,19.87,0.9576
ORD0095713,8.93,0.0036
ORD0095714,26.49,0.0003
ORD0095715,22.52,0.0004
ORD0095716,13.6,0.068
ORD0095717,12.93,0.0092
ORD0095718,17.35,0.5171
ORD0095719,13.68,0.0317
ORD0095720,25.58,0.001
ORD0095721,19.27,0.8438
ORD0095722,15.65,0.1537
ORD0095723,20.57,0.006
ORD0095724,21.64,0.0027
ORD0095725,15.07,0.0676
ORD0095726,20.44,0.0032
ORD0095727,19.93,0.001
ORD0095728,13.66,0.0093
ORD0095729,12.8,0.0016
ORD0095730,11.78,0.0005
ORD0095731,12.82,0.0322
ORD0095732,12.41,0.0022
ORD0095733,12.26,0.1493
ORD0095734,17.39,0.0337
ORD0095735,12.75,0.0047
ORD0095736,10.46,0.545
ORD0095737,9.11,0.1886
ORD0095738,13.19,0.9727
ORD0095739,10.72,0.8461
ORD0095740,7.56,0.0468
ORD0095741,7.77,0.143
ORD0095742,12.02,0.247
ORD0095743,11.26,0.4423
ORD0095744,10.56,0.7581
ORD0095745,11.53,0.8961
ORD0095746,11.77,0.0008
ORD0095747,11.18,0.0001
ORD0095748,10.8,0.0001
ORD0095749,11.52,0.0083
ORD0095750,10.52,0.0007
ORD0095751,8.21,0.0002
ORD0095752,8.27,0.0003
ORD0095753,10.64,0.0645
ORD0095754,10.36,0.5562
ORD0095755,12.81,0.8397
ORD0095756,10.78,0.0147
ORD0095757,10.46,0.0003
ORD0095758,15.52,0.0003
ORD0095759,20.43,0.0001
ORD0095760,21.59,0.0001
ORD0095761,10.56,0.0011
ORD0095762,11.41,0.0006
ORD0095763,16.53,0.0046
ORD0095764,12.97,0.0012
ORD0095765,21.02,0.0003
ORD0095766,18.39,0.0002
ORD0095767,16.37,0.0016
ORD0095768,20.44,0.0088
ORD0095769,24.39,0.0063
ORD0095770,14.78,0.0001
ORD0095771,10.65,0.0001
ORD0095772,19.08,0.2413
ORD0095773,15.34,0.0002
ORD0095774,17.18,0.0002
ORD0095775,67.32,0.0001
ORD0095776,24.08,0.0001
ORD0095777,18.92,0.9755
ORD0095778,9.88,0.776
ORD0095779,9.47,0.6803
ORD0095780,14.4,0.9951
ORD0095781,25.78,0.9994
ORD0095782,20.65,0.8993
ORD0095783,14.23,0.8529
ORD0095784,12.46,0.0992
ORD0095785,11.46,0.3984
ORD0095786,11.75,0.2398
ORD0095787,12.12,0.6245
ORD0095788,21.11,0.4746
ORD0095789,15.02,0.7555
ORD0095790,11.35,0.4944
ORD0095791,38.33,0.1439
ORD0095792,17.93,0.0011
ORD0095793,15.35,0.0005
ORD0095794,16.22,0.0041
ORD0095795,42.84,0.0337
ORD0095796,32.72,0.0034
ORD0095797,21.87,0.5455
ORD0095798,23.31,0.0131
ORD0095799,8.19,0.0001
ORD0095800,8.98,0.0001
ORD0095801,8.77,0.0006
ORD0095802,7.58,0.0003
ORD0095803,12.91,0.0003
ORD0095804,12.07,0.012
ORD0095805,12.47,0.0021
ORD0095806,18.61,0.0295
ORD0095807,21.35,0.0028
ORD0095808,21.9,0.4251
ORD0095809,8.31,0.0003
ORD0095810,8.19,0.0003
ORD0095811,8.87,0.0066
ORD0095812,9.48,0.0006
ORD0095813,17.42,0.0004
ORD0095814,18.02,0.0001
ORD0095815,19.46,0.9342
ORD0095816,16.72,0.9322
ORD0095817,15.55,0.9987
ORD0095818,12.32,0.6374
ORD0095819,14.58,0.0006
ORD0095820,18.88,0.5777
ORD0095821,91.92,0.0051
ORD0095822,36.24,0.0002
ORD0095823,13.38,0.2842
ORD0095824,11.43,0.0004
ORD0095825,13.08,0.956
ORD0095826,10.22,0.0007
ORD0095827,20.23,0.0002
ORD0095828,15.24,0.0001
ORD0095829,8.63,0.0012
ORD0095830,8.35,0.0033
ORD0095831,12.07,0.0092
ORD0095832,12.33,0.0975
ORD0095833,19.2,0.0691
ORD0095834,19.17,0.5698
ORD0095835,15.28,0.7476
ORD0095836,13.36,0.9578
ORD0095837,21.64,0.0004
ORD0095838,22.41,0.0002
ORD0095839,11.16,0.946
ORD0095840,13.66,0.0002
ORD0095841,11.92,0.0001
ORD0095842,23.47,0.0316
ORD0095843,17.86,0.0182
ORD0095844,11.64,0.0014
ORD0095845,11.02,0.0012
ORD0095846,25.99,0.6288
ORD0095847,19.23,0.4594
ORD0095848,16.38,0.0037
ORD0095849,17.71,0.002
ORD0095850,12.88,0.9513
ORD0095851,10.59,0.9372
ORD0095852,19.03,0.9956
ORD0095853,18.05,0.9961
ORD0095854,8.79,0.0466
ORD0095855,7.98,0.0181
ORD0095856,13.73,0.0123
ORD0095857,13.71,0.0073
ORD0095858,13.12,0.0435
ORD0095859,12.88,0.037
ORD0095860,22.85,0.0005
ORD0095861,21.52,0.0006
ORD0095862,16.33,0.2207
ORD0095863,15.49,0.001
ORD0095864,14.78,0.0068
ORD0095865,12.09,0.0041
ORD0095866,20.65,0.0058
ORD0095867,18.54,0.0011
ORD0095868,11.83,0.015
ORD0095869,11.17,0.0012
ORD0095870,12.87,0.0034
ORD0095871,11.43,0.0007
ORD0095872,11.84,0.0624
ORD0095873,9.26,0.0037
ORD0095874,25.64,0.0004
ORD0095875,10.68,0.0394
ORD0095876,11.12,0.0418
ORD0095877,15.34,0.0069
ORD0095878,14.37,0.0073
ORD0095879,11.75,0.0008
ORD0095880,11.71,0.004
ORD0095881,9.42,0.2725
ORD0095882,10.3,0.2907
ORD0095883,13.17,0.8453
ORD0095884,10.04,0.937
ORD0095885,6.02,0.0028
ORD0095886,6.1,0.0044
ORD0095887,11.22,0.0061
ORD0095888,9.13,0.0283
ORD0095889,8.9,0.0319
ORD0095890,9.81,0.0002
ORD0095891,8.66,0.0001
ORD0095892,8.47,0.0005
ORD0095893,8.47,0.0002
ORD0095894,5.94,0.0001
ORD0095895,5.7,0.0001
ORD0095896,8.6,0.0024
ORD0095897,8.81,0.0011
ORD0095898,7.76,0.0618
ORD0095899,8.46,0.0224
ORD0095900,10.61,0.385
ORD0095901,8.36,0.0001
ORD0095902,8.79,0.0001
ORD0095903,13.99,0.0002
ORD0095904,12.48,0.0006
ORD0095905,20.16,0.0001
ORD0095906,22.92,0.0004
ORD0095907,6.92,0.0005
ORD0095908,8.51,0.0111
ORD0095909,11.78,0.0015
ORD0095910,16.86,0.0009
ORD0095911,14.56,0.0048
ORD0095912,14.63,0.0002
ORD0095913,17.18,0.0697
ORD0095914,17.13,0.0005
ORD0095915,9.86,0.0001
ORD0095916,8.91,0.0001
ORD0095917,14.59,0.7147
ORD0095918,12.46,0.0024
ORD0095919,13.8,0.0005
ORD0095920,15.31,0.2904
ORD0095921,14.66,0.3053
ORD0095922,6.8,0.0484
ORD0095923,6.36,0.0698
ORD0095924,10.6,0.5085
ORD0095925,7.94,0.5797
ORD0095926,21.13,0.8516
ORD0095927,19.64,0.951
ORD0095928,13.12,0.0863
ORD0095929,9.86,0.1163
ORD0095930,14.54,0.2402
ORD0095931,9.86,0.3679
ORD0095932,17.97,0.388
ORD0095933,15.51,0.4778
ORD0095934,12.35,0.598
ORD0095935,10.95,0.7487
ORD0095936,11.6,0.0002
ORD0095937,12.45,0.0077
ORD0095938,11.45,0.0008
ORD0095939,29.23,0.0041
ORD0095940,14.9,0.0144
ORD0095941,9.15,0.0018
ORD0095942,9.55,0.0001
ORD0095943,9.74,0.0661
ORD0095944,13.82,0.0398
ORD0095945,11.79,0.0002
ORD0095946,11.9,0.0004
ORD0095947,11.12,0.0008
ORD0095948,16.55,0.0071
ORD0095949,13.36,0.0005
ORD0095950,24.39,0.0502
ORD0095951,26.78,0.6252
ORD0095952,16.97,0.0225
ORD0095953,9.69,0.0001
ORD0095954,9.17,0.0003
ORD0095955,20.95,0.0004
ORD0095956,22.73,0.9659
ORD0095957,15.43,0.0146
ORD0095958,11.55,0.0016
ORD0095959,12.57,0.1362
ORD0095960,17.16,0.0016
ORD0095961,12.83,0.0001
ORD0095962,15.77,0.0059
ORD0095963,22.84,0.9952
ORD0095964,12.05,0.0001
ORD0095965,12.16,0.0001
ORD0095966,12.04,0.0005
ORD0095967,20.35,0.0004
ORD0095968,9.74,0.005
ORD0095969,8.26,0.0002
ORD0095970,14.37,0.0466
ORD0095971,23.11,0.3764
ORD0095972,18.06,0.9759
ORD0095973,14.48,0.0011
ORD0095974,25.05,0.0016
ORD0095975,25.46,0.0001
ORD0095976,9.16,0.0018
ORD0095977,9.37,0.0026
ORD0095978,13.41,0.0005
ORD0095979,78.35,0.0001
ORD0095980,52.32,0.004
ORD0095981,22.79,0.0001
ORD0095982,20.71,0.0133
ORD0095983,22.84,0.0005
ORD0095984,14.05,0.0011
ORD0095985,12.73,0.0004
ORD0095986,23.56,0.2373
ORD0095987,20.21,0.0053
ORD0095988,17.9,0.0016
ORD0095989,12.0,0.8474
ORD0095990,18.44,0.9863
ORD0095991,8.92,0.0172
ORD0095992,56.89,0.0002
ORD0095993,12.32,0.0701
ORD0095994,12.93,0.0603
ORD0095995,16.54,0.3778
ORD0095996,13.86,0.2407
ORD0095997,27.25,0.0019
ORD0095998,26.17,0.002
ORD0095999,17.01,0.691
ORD0096000,17.86,0.6759
ORD0096001,18.85,0.0084
ORD0096002,20.02,0.0061
ORD0096003,17.48,0.0847
ORD0096004,13.78,0.041
ORD0096005,22.88,0.0018
ORD0096006,15.03,0.0038
ORD0096007,12.63,0.0016
ORD0096008,10.77,0.0122
ORD0096009,9.83,0.0112
ORD0096010,15.66,0.0029
ORD0096011,14.21,0.9109
ORD0096012,11.74,0.0007
ORD0096013,8.89,0.0336
ORD0096014,7.6,0.0047
ORD0096015,11.37,0.262
ORD0096016,9.53,0.008
ORD0096017,8.24,0.004
ORD0096018,7.82,0.0055
ORD0096019,12.16,0.0135
ORD0096020,9.66,0.0417
ORD0096021,8.72,0.0329
ORD0096022,11.98,0.0035
ORD0096023,11.38,0.0001
ORD0096024,11.28,0.0002
ORD0096025,10.26,0.0393
ORD0096026,7.83,0.0003
ORD0096027,10.97,0.3931
ORD0096028,10.73,0.0004
ORD0096029,10.03,0.9543
ORD0096030,8.84,0.0012
ORD0096031,12.88,0.9878
ORD0096032,10.79,0.0015
ORD0096033,10.16,0.0006
ORD0096034,10.24,0.0001
ORD0096035,14.98,0.0004
ORD0096036,15.1,0.8092
ORD0096037,20.6,0.0002
ORD0096038,30.7,0.5068
ORD0096039,10.66,0.0021
ORD0096040,13.34,0.0102
ORD0096041,16.78,0.997
ORD0096042,20.62,0.0007
ORD0096043,17.38,0.0025
ORD0096044,15.84,0.0028
ORD0096045,22.6,0.0225
ORD0096046,10.39,0.0001
ORD0096047,10.33,0.0001
ORD0096048,19.14,0.5642
ORD0096049,15.64,0.1243
ORD0096050,15.33,0.0002
ORD0096051,15.73,0.0009
ORD0096052,19.11,0.3474
ORD0096053,16.86,0.1577
ORD0096054,8.99,0.0557
ORD0096055,9.0,0.0545
ORD0096056,11.37,0.7106
ORD0096057,11.72,0.3542
ORD0096058,22.79,0.9442
ORD0096059,21.09,0.6256
ORD0096060,12.11,0.1418
ORD0096061,12.62,0.1826
ORD0096062,11.39,0.1576
ORD0096063,12.11,0.334
ORD0096064,12.27,0.2834
ORD0096065,21.75,0.0897
ORD0096066,21.02,0.2987
ORD0096067,13.11,0.1581
ORD0096068,11.88,0.4238
ORD0096069,16.65,0.0007
ORD0096070,12.81,0.0008
ORD0096071,15.58,0.0015
ORD0096072,11.91,0.0023
ORD0096073,33.12,0.009
ORD0096074,20.38,0.0756
ORD0096075,18.85,0.0239
ORD0096076,34.1,0.0002
ORD0096077,10.99,0.0001
ORD0096078,12.64,0.0394
ORD0096079,10.66,0.0007
ORD0096080,13.02,0.9382
ORD0096081,15.2,0.0003
ORD0096082,18.28,0.9226
ORD0096083,13.96,0.0001
ORD0096084,13.2,0.0099
ORD0096085,18.24,0.0033
ORD0096086,14.56,0.0024
ORD0096087,26.95,0.0151
ORD0096088,27.88,0.3354
ORD0096089,33.93,0.1628
ORD0096090,12.39,0.0002
ORD0096091,10.68,0.0001
ORD0096092,11.64,0.0001
ORD0096093,11.17,0.0069
ORD0096094,23.21,0.0003
ORD0096095,24.22,0.0003
ORD0096096,19.02,0.0003
ORD0096097,21.61,0.9411
ORD0096098,14.58,0.0006
ORD0096099,21.02,0.001
ORD0096100,15.84,0.0006
ORD0096101,19.75,0.0016
ORD0096102,25.21,0.99
ORD0096103,74.67,0.005
ORD0096104,61.45,0.0134
ORD0096105,51.34,0.0018
ORD0096106,70.37,0.002
ORD0096107,27.51,0.0001
ORD0096108,67.02,0.0001
ORD0096109,15.15,0.0002
ORD0096110,14.74,0.0012
ORD0096111,13.11,0.0007
ORD0096112,12.35,0.0075
ORD0096113,24.1,0.0003
ORD0096114,19.79,0.0001
ORD0096115,12.76,0.0038
ORD0096116,15.47,0.0258
ORD0096117,25.97,0.2231
ORD0096118,24.67,0.1671
ORD0096119,20.54,0.9477
ORD0096120,30.09,0.0007
ORD0096121,16.01,0.9934
ORD0096122,16.13,0.9198
ORD0096123,14.8,0.0001
ORD0096124,17.68,0.0008
ORD0096125,29.84,0.0288
ORD0096126,15.28,0.0008
ORD0096127,16.29,0.0007
ORD0096128,27.58,0.7295
ORD0096129,23.53,0.2647
ORD0096130,22.1,0.0018
ORD0096131,18.89,0.0042
ORD0096132,17.42,0.9811
ORD0096133,24.75,0.9993
ORD0096134,20.91,0.8989
ORD0096135,11.31,0.0361
ORD0096136,10.95,0.1348
ORD0096137,15.43,0.0314
ORD0096138,16.58,0.0752
ORD0096139,18.26,0.1908
ORD0096140,17.1,0.3096
ORD0096141,29.72,0.0006
ORD0096142,26.17,0.0007
ORD0096143,20.13,0.67
ORD0096144,20.9,0.826
ORD0096145,25.04,0.0027
ORD0096146,23.28,0.0045
ORD0096147,18.32,0.0208
ORD0096148,16.83,0.0664
ORD0096149,27.68,0.0739
ORD0096150,28.73,0.108
ORD0096151,16.41,0.3232
ORD0096152,17.91,0.2499
ORD0096153,19.82,0.023
ORD0096154,15.28,0.0243
ORD0096155,16.8,0.7195
ORD0096156,13.87,0.5212
ORD0096157,13.55,0.032
ORD0096158,18.75,0.7288
ORD0096159,21.39,0.0063
ORD0096160,20.51,0.2046
ORD0096161,15.68,0.0828
ORD0096162,14.41,0.0291
ORD0096163,10.99,0.3161
ORD0096164,14.18,0.7148
ORD0096165,9.2,0.0071
ORD0096166,10.11,0.0782
ORD0096167,15.44,0.044
ORD0096168,16.62,0.7448
ORD0096169,11.65,0.3782
ORD0096170,13.79,0.0011
ORD0096171,12.98,0.0001
ORD0096172,12.71,0.0001
ORD0096173,11.98,0.0001
ORD0096174,11.04,0.0045
ORD0096175,12.44,0.0004
ORD0096176,8.77,0.0001
ORD0096177,9.05,0.0001
ORD0096178,12.16,0.0439
ORD0096179,11.32,0.0006
ORD0096180,11.28,0.3254
ORD0096181,9.81,0.0088
ORD0096182,13.51,0.8008
ORD0096183,12.36,0.0333
ORD0096184,10.68,0.0002
ORD0096185,19.3,0.0003
ORD0096186,16.89,0.0004
ORD0096187,26.17,0.0001
ORD0096188,10.18,0.0011
ORD0096189,17.86,0.0088
ORD0096190,13.71,0.0036
ORD0096191,26.72,0.0001
ORD0096192,65.34,0.0045
ORD0096193,48.11,0.9555
ORD0096194,51.96,0.0003
ORD0096195,60.99,0.0001
ORD0096196,74.68,0.0001
ORD0096197,21.63,0.0012
ORD0096198,20.98,0.0005
ORD0096199,20.78,0.0049
ORD0096200,21.22,0.0061
ORD0096201,25.6,0.0563
ORD0096202,13.25,0.0001
ORD0096203,21.07,0.7862
ORD0096204,18.99,0.435
ORD0096205,19.14,0.0004
ORD0096206,21.52,0.2549
ORD0096207,10.51,0.0307
ORD0096208,13.9,0.4287
ORD0096209,11.26,0.1503
ORD0096210,26.63,0.7623
ORD0096211,20.4,0.3191
ORD0096212,16.18,0.0755
ORD0096213,14.64,0.0341
ORD0096214,13.48,0.3449
ORD0096215,13.39,0.101
ORD0096216,13.72,0.5444
ORD0096217,12.3,0.1655
ORD0096218,30.94,0.3766
ORD0096219,14.64,0.5301
ORD0096220,12.71,0.2948
ORD0096221,18.39,0.0008
ORD0096222,16.34,0.0024
ORD0096223,15.73,0.0002
ORD0096224,39.28,0.0123
ORD0096225,37.99,0.0018
ORD0096226,27.9,0.2725
ORD0096227,25.1,0.0064
ORD0096228,11.9,0.0015
ORD0096229,11.22,0.0001
ORD0096230,12.81,0.0902
ORD0096231,10.63,0.0011
ORD0096232,17.8,0.0355
ORD0096233,14.98,0.0005
ORD0096234,15.8,0.0015
ORD0096235,13.67,0.0038
ORD0096236,19.68,0.008
ORD0096237,17.26,0.0013
ORD0096238,24.02,0.0268
ORD0096239,37.55,0.4513
ORD0096240,30.06,0.2662
ORD0096241,14.23,0.0003
ORD0096242,10.4,0.0002
ORD0096243,12.65,0.0007
ORD0096244,11.14,0.0027
ORD0096245,26.66,0.0002
ORD0096246,21.23,0.0215
ORD0096247,21.62,0.9384
ORD0096248,22.2,0.0007
ORD0096249,17.81,0.0003
ORD0096250,23.32,0.1269
ORD0096251,102.34,0.1168
ORD0096252,68.02,0.0004
ORD0096253,50.53,0.0004
ORD0096254,18.5,0.0012
ORD0096255,15.38,0.0218
ORD0096256,12.55,0.0014
ORD0096257,26.46,0.0008
ORD0096258,11.93,0.0224
ORD0096259,10.82,0.0045
ORD0096260,20.16,0.3249
ORD0096261,15.91,0.0262
ORD0096262,25.86,0.386
ORD0096263,35.32,0.5185
ORD0096264,26.71,0.9615
ORD0096265,38.14,0.0032
ORD0096266,40.65,0.0003
ORD0096267,16.66,0.9947
ORD0096268,17.89,0.0007
ORD0096269,17.65,0.0002
ORD0096270,33.94,0.0443
ORD0096271,18.62,0.0012
ORD0096272,34.47,0.771
ORD0096273,22.33,0.0025
ORD0096274,20.07,0.0006
ORD0096275,19.19,0.9871
ORD0096276,12.87,0.0312
ORD0096277,23.99,0.9992
ORD0096278,13.45,0.0386
ORD0096279,11.84,0.0053
ORD0096280,16.44,0.009
ORD0096281,17.87,0.0441
ORD0096282,35.41,0.0001
ORD0096283,18.99,0.267
ORD0096284,18.8,0.0031
ORD0096285,24.17,0.0009
ORD0096286,34.05,0.001
ORD0096287,20.48,0.0063
ORD0096288,57.08,0.0118
ORD0096289,53.77,0.0002
ORD0096290,35.53,0.9631
ORD0096291,19.08,0.9897
ORD0096292,20.27,0.0698
ORD0096293,22.78,0.8709
ORD0096294,20.85,0.9975
ORD0096295,16.43,0.4008
ORD0096296,48.12,0.0071
ORD0096297,33.19,0.0058
ORD0096298,12.36,0.0152
ORD0096299,16.71,0.3611
ORD0096300,19.2,0.0004
ORD0096301,20.11,0.0451
ORD0096302,17.6,0.0035
ORD0096303,16.71,0.0085
ORD0096304,11.63,0.0761
ORD0096305,16.38,0.4958
ORD0096306,26.86,0.0006
ORD0096307,48.98,0.0004
ORD0096308,34.98,0.0012
ORD0096309,10.05,0.0142
ORD0096310,16.09,0.0885
ORD0096311,16.17,0.0653
ORD0096312,11.81,0.4027
ORD0096313,11.55,0.0003
ORD0096314,12.17,0.0177
ORD0096315,11.21,0.0001
ORD0096316,11.56,0.0006
ORD0096317,9.96,0.0007
ORD0096318,7.87,0.0001
ORD0096319,10.37,0.0029
ORD0096320,10.94,0.3033
ORD0096321,9.53,0.0269
ORD0096322,12.56,0.3394
ORD0096323,12.22,0.9281
ORD0096324,10.16,0.0049
ORD0096325,10.85,0.0027
ORD0096326,16.14,0.0026
ORD0096327,16.62,0.0007
ORD0096328,25.31,0.0007
ORD0096329,26.09,0.0002
ORD0096330,11.36,0.048
ORD0096331,10.68,0.0023
ORD0096332,18.94,0.5505
ORD0096333,19.62,0.0259
ORD0096334,18.74,0.0016
ORD0096335,25.98,0.5133
ORD0096336,25.81,0.968
ORD0096337,22.67,0.0634
ORD0096338,13.38,0.0004
ORD0096339,18.87,0.9962
ORD0096340,15.13,0.0031
ORD0096341,17.48,0.0007
ORD0096342,19.65,0.613
ORD0096343,16.87,0.0058
ORD0096344,8.59,0.0883
ORD0096345,15.27,0.9369
ORD0096346,23.14,0.9934
ORD0096347,21.98,0.0355
ORD0096348,16.31,0.2587
ORD0096349,14.53,0.2258
ORD0096350,13.93,0.4477
ORD0096351,11.52,0.264
ORD0096352,21.18,0.4685
ORD0096353,17.64,0.1204
ORD0096354,16.02,0.6226
ORD0096355,85.73,0.2011
ORD0096356,19.66,0.0277
ORD0096357,13.68,0.0054
ORD0096358,16.05,0.201
ORD0096359,14.77,0.082
ORD0096360,45.77,0.9731
ORD0096361,65.45,0.8796
ORD0096362,28.27,0.9955
ORD0096363,28.83,0.9768
ORD0096364,11.64,0.8674
ORD0096365,12.74,0.9993
ORD0096366,10.34,0.0118
ORD0096367,18.6,0.9989
ORD0096368,14.44,0.0021
ORD0096369,15.08,0.0615
ORD0096371,19.23,0.1176
ORD0096373,27.16,0.8476
ORD0096374,20.3,0.0964
ORD0096375,37.88,0.9923
ORD0096376,29.56,0.7363
ORD0096377,12.44,0.0015
ORD0096378,13.39,0.0085
ORD0096380,25.13,0.0016
ORD0096382,25.74,0.6551
ORD0096383,16.58,0.9812
ORD0096385,16.97,0.0092
ORD0096386,16.1,0.0015
ORD0096387,21.39,0.9973
ORD0096389,12.88,0.0001
ORD0096390,11.15,0.0005
ORD0096391,10.38,0.0009
ORD0096392,21.29,0.0001
ORD0096393,20.57,0.0002
ORD0096394,11.47,0.0016
ORD0096395,12.7,0.106
ORD0096396,17.6,0.0031
ORD0096397,15.27,0.0063
ORD0096398,20.88,0.0157
ORD0096399,17.76,0.0785
ORD0096400,26.05,0.9297
ORD0096401,33.5,0.0003
ORD0096402,44.06,0.0047
ORD0096403,13.56,0.536
ORD0096404,10.66,0.0928
ORD0096405,13.6,0.0001
ORD0096406,15.44,0.0014
ORD0096407,63.71,0.0001
ORD0096408,26.82,0.3844
ORD0096409,26.27,0.9229
ORD0096410,15.96,0.0012
ORD0096411,15.51,0.0188
ORD0096412,33.45,0.9651
ORD0096413,20.6,0.0118
ORD0096414,16.1,0.9976
ORD0096415,12.5,0.9944
ORD0096416,21.35,0.9994
ORD0096417,25.58,0.9995
ORD0096418,10.16,0.1647
ORD0096419,10.28,0.8109
ORD0096420,15.6,0.495
ORD0096421,18.08,0.9083
ORD0096422,31.12,0.0027
ORD0096423,26.65,0.0036
ORD0096424,20.2,0.9842
ORD0096425,21.81,0.033
ORD0096426,18.48,0.4374
ORD0096427,18.31,0.181
ORD0096428,24.38,0.0063
ORD0096429,29.72,0.9774
ORD0096430,16.9,0.0281
ORD0096431,17.09,0.9916
ORD0096432,17.56,0.002
ORD0096433,15.79,0.7426
ORD0096434,15.57,0.1502
ORD0096435,12.52,0.1461
ORD0096436,11.69,0.0027
ORD0096437,19.5,0.019
ORD0096438,20.68,0.0007
ORD0096439,16.23,0.0039
ORD0096440,9.56,0.0002
ORD0096441,9.76,0.0163
ORD0096442,12.29,0.5936
ORD0096443,11.22,0.0925
ORD0096444,34.94,0.0022
ORD0096445,7.99,0.0053
ORD0096446,14.17,0.0186
ORD0096447,17.59,0.6747
ORD0096448,10.81,0.1526
ORD0096449,13.65,0.9849
ORD0096450,14.49,0.0009
ORD0096451,12.55,0.0652
ORD0096452,12.56,0.0008
ORD0096453,12.31,0.0007
ORD0096454,11.95,0.0028
ORD0096455,12.74,0.5933
ORD0096456,8.62,0.0002
ORD0096457,8.58,0.0012
ORD0096458,10.85,0.004
ORD0096459,10.53,0.0394
ORD0096460,11.76,0.9815
ORD0096461,11.9,0.2886
ORD0096462,11.34,0.0062
ORD0096463,11.37,0.0134
ORD0096464,17.88,0.0027
ORD0096465,26.03,0.0012
ORD0096466,11.06,0.0393
ORD0096467,13.97,0.9823
ORD0096468,20.86,0.6301
ORD0096469,17.78,0.9992
ORD0096470,19.9,0.0079
ORD0096471,20.61,0.0266
ORD0096472,19.99,0.1364
ORD0096473,22.61,0.5172
ORD0096474,24.07,0.8148
ORD0096475,25.07,0.9882
ORD0096476,14.85,0.0002
ORD0096477,12.24,0.0003
ORD0096478,24.24,0.9944
ORD0096479,23.44,0.9988
ORD0096480,16.45,0.0014
ORD0096481,17.31,0.0094
ORD0096482,27.78,0.0003
ORD0096483,19.77,0.4376
ORD0096484,17.47,0.5322
ORD0096485,9.61,0.0733
ORD0096486,8.15,0.0388
ORD0096487,15.87,0.8036
ORD0096488,14.09,0.939
ORD0096489,27.31,0.983
ORD0096490,14.56,0.1778
ORD0096491,13.31,0.1406
ORD0096492,28.06,0.0175
ORD0096493,14.47,0.2854
ORD0096494,13.48,0.8995
ORD0096495,14.13,0.5804
ORD0096496,27.42,0.3865
ORD0096497,22.86,0.6015
ORD0096498,16.81,0.6515
ORD0096499,17.21,0.0011
ORD0096500,21.13,0.0037
ORD0096501,14.63,0.0005
ORD0096502,55.94,0.1371
ORD0096503,37.62,0.0021
ORD0096504,23.89,0.7028
ORD0096505,9.48,0.0004
ORD0096506,9.8,0.0109
ORD0096507,13.22,0.0063
ORD0096508,13.23,0.0012
ORD0096509,13.8,0.0013
ORD0096510,21.42,0.0067
ORD0096511,18.66,0.0017
ORD0096512,33.46,0.1535
ORD0096513,22.27,0.1907
ORD0096514,11.21,0.0003
ORD0096515,8.64,0.0005
ORD0096516,10.11,0.0007
ORD0096517,22.87,0.0003
ORD0096518,19.27,0.0016
ORD0096519,18.76,0.0187
ORD0096520,19.67,0.9414
ORD0096521,13.2,0.0577
ORD0096522,14.62,0.9997
ORD0096523,16.81,0.0004
ORD0096524,17.71,0.3563
ORD0096525,24.82,0.8724
ORD0096526,15.04,0.0002
ORD0096527,13.68,0.0003
ORD0096528,12.58,0.0012
ORD0096529,21.49,0.0002
ORD0096530,17.64,0.0001
ORD0096531,10.57,0.0022
ORD0096532,14.47,0.0054
ORD0096533,13.79,0.0017
ORD0096534,19.1,0.0123
ORD0096535,20.32,0.0056
ORD0096536,17.52,0.1673
ORD0096537,16.4,0.0439
ORD0096538,27.52,0.0004
ORD0096539,12.22,0.6737
ORD0096540,12.75,0.4778
ORD0096541,15.14,0.0002
ORD0096542,27.9,0.0067
ORD0096543,20.27,0.0068
ORD0096544,14.91,0.0007
ORD0096545,29.36,0.1717
ORD0096546,17.61,0.1942
ORD0096547,17.85,0.0011
ORD0096548,18.87,0.004
ORD0096549,16.45,0.84
ORD0096550,11.86,0.9154
ORD0096551,18.76,0.9819
ORD0096552,19.53,0.9935
ORD0096553,9.57,0.0066
ORD0096554,22.57,0.0002
ORD0096555,23.74,0.0004
ORD0096556,15.68,0.0264
ORD0096557,12.95,0.0039
ORD0096558,15.08,0.0617
ORD0096559,13.15,0.0141
ORD0096560,24.86,0.0007
ORD0096561,17.0,0.2913
ORD0096562,15.99,0.0562
ORD0096563,22.25,0.0036
ORD0096564,18.71,0.0017
ORD0096565,16.55,0.0098
ORD0096566,19.16,0.0763
ORD0096567,19.9,0.0022
ORD0096568,14.65,0.3644
ORD0096569,14.23,0.026
ORD0096570,12.79,0.0008
ORD0096571,15.44,0.8834
ORD0096572,11.41,0.0069
ORD0096573,11.83,0.0412
ORD0096574,15.5,0.0061
ORD0096575,14.2,0.316
ORD0096576,12.76,0.4044
ORD0096577,8.08,0.0003
ORD0096578,15.59,0.9254
ORD0096579,10.52,0.0007
ORD0096580,7.56,0.0079
ORD0096581,9.2,0.0659
ORD0096582,14.12,0.026
ORD0096583,12.4,0.2597
ORD0096584,10.59,0.3308
ORD0096585,11.17,0.9074
ORD0096586,13.82,0.3684
ORD0096587,12.18,0.002
ORD0096588,11.48,0.0006
ORD0096589,12.31,0.9486
ORD0096590,11.66,0.008
ORD0096591,8.92,0.0075
ORD0096592,8.67,0.0008
ORD0096593,12.51,0.9911
ORD0096594,10.94,0.9963
ORD0096595,13.72,0.9989
ORD0096596,11.77,0.0263
ORD0096597,11.79,0.0833
ORD0096598,16.38,0.0033
ORD0096599,26.45,0.0012
ORD0096600,26.5,0.4612
ORD0096601,10.78,0.0152
ORD0096602,13.3,0.9473
ORD0096603,16.44,0.1075
ORD0096604,16.25,0.9951
ORD0096605,21.35,0.0003
ORD0096606,20.6,0.0004
ORD0096607,18.9,0.0019
ORD0096608,21.58,0.0103
ORD0096609,19.88,0.0068
ORD0096610,16.21,0.0001
ORD0096611,11.49,0.0001
ORD0096612,16.6,0.229
ORD0096613,18.45,0.0002
ORD0096614,15.61,0.0002
ORD0096615,75.53,0.0001
ORD0096616,23.06,0.0001
ORD0096617,23.22,0.9226
ORD0096618,10.15,0.6006
ORD0096619,9.6,0.5414
ORD0096620,14.21,0.9851
ORD0096621,26.37,0.9977
ORD0096622,16.29,0.8306
ORD0096623,14.09,0.8609
ORD0096624,14.52,0.1759
ORD0096625,12.81,0.7222
ORD0096626,12.68,0.3871
ORD0096627,12.77,0.1564
ORD0096628,23.08,0.3255
ORD0096629,15.29,0.5457
ORD0096630,16.79,0.9337
ORD0096631,41.9,0.2258
ORD0096632,19.08,0.0005
ORD0096633,14.85,0.0007
ORD0096634,17.43,0.002
ORD0096635,41.79,0.0063
ORD0096636,37.99,0.0041
ORD0096637,22.24,0.0521
ORD0096638,22.65,0.0282
ORD0096639,8.66,0.0001
ORD0096640,8.69,0.0001
ORD0096641,8.79,0.0006
ORD0096642,8.22,0.0001
ORD0096643,11.78,0.0004
ORD0096644,11.23,0.0003
ORD0096645,16.13,0.0053
ORD0096646,20.38,0.0295
ORD0096647,18.45,0.0027
ORD0096648,28.64,0.5292
ORD0096649,9.97,0.0001
ORD0096650,8.43,0.0007
ORD0096651,9.32,0.0003
ORD0096652,10.57,0.0139
ORD0096653,19.32,0.0001
ORD0096654,18.67,0.0002
ORD0096655,22.26,0.9537
ORD0096656,18.64,0.9934
ORD0096657,15.51,0.9959
ORD0096658,16.43,0.9996
ORD0096659,17.61,0.0015
ORD0096660,17.68,0.0024
ORD0096661,63.81,0.0025
ORD0096662,63.93,0.0002
ORD0096663,51.75,0.0003
ORD0096664,11.82,0.0037
ORD0096665,12.18,0.0002
ORD0096666,11.16,0.0958
ORD0096667,9.87,0.0003
ORD0096668,18.76,0.0001
ORD0096669,16.21,0.0003
ORD0096670,9.95,0.001
ORD0096671,7.85,0.0026
ORD0096672,13.07,0.0048
ORD0096673,11.69,0.0203
ORD0096674,17.86,0.0356
ORD0096675,21.68,0.2189
ORD0096676,14.78,0.5885
ORD0096677,21.38,0.8991
ORD0096678,22.13,0.0004
ORD0096679,31.29,0.001
ORD0096680,11.54,0.895
ORD0096681,13.83,0.0002
ORD0096682,12.84,0.0004
ORD0096683,22.96,0.0185
ORD0096684,21.88,0.0534
ORD0096685,16.31,0.0007
ORD0096686,11.42,0.0008
ORD0096687,23.73,0.4895
ORD0096688,21.88,0.778
ORD0096689,16.64,0.0014
ORD0096690,16.63,0.0023
ORD0096691,17.75,0.9284
ORD0096692,11.29,0.9712
ORD0096693,17.64,0.994
ORD0096694,17.8,0.9923
ORD0096695,9.11,0.0187
ORD0096696,9.2,0.0523
ORD0096697,58.33,0.0002
ORD0096698,12.07,0.0552
ORD0096699,12.46,0.0066
ORD0096700,15.65,0.2469
ORD0096701,12.92,0.0183
ORD0096702,24.73,0.0014
ORD0096703,20.44,0.0009
ORD0096704,15.74,0.6229
ORD0096705,19.6,0.0059
ORD0096706,14.26,0.0529
ORD0096707,13.08,0.0039
ORD0096708,19.77,0.0074
ORD0096709,18.07,0.0032
ORD0096710,11.4,0.0146
ORD0096711,13.26,0.0089
ORD0096712,16.4,0.0029
ORD0096713,12.61,0.0019
ORD0096714,11.89,0.0877
ORD0096715,11.96,0.0304
ORD0096716,24.3,0.0004
ORD0096717,11.57,0.0212
ORD0096718,10.66,0.0082
ORD0096719,14.09,0.0047
ORD0096720,13.99,0.0025
ORD0096721,12.09,0.0022
ORD0096722,11.09,0.0009
ORD0096723,7.79,0.0006
ORD0096724,7.92,0.0357
ORD0096725,11.75,0.1276
ORD0096726,9.03,0.0028
ORD0096727,8.83,0.0036
ORD0096728,7.77,0.082
ORD0096729,12.88,0.0095
ORD0096730,10.36,0.1161
ORD0096731,11.38,0.7273
ORD0096732,10.24,0.0001
ORD0096733,9.41,0.0001
ORD0096734,8.33,0.0002
ORD0096735,9.17,0.0002
ORD0096736,5.97,0.0001
ORD0096737,6.07,0.0001
ORD0096738,9.2,0.0007
ORD0096739,8.27,0.0004
ORD0096740,7.39,0.005
ORD0096741,8.1,0.0085
ORD0096742,10.2,0.0384
ORD0096743,9.1,0.0001
ORD0096744,9.05,0.0001
ORD0096745,12.18,0.0001
ORD0096746,11.68,0.0009
ORD0096747,18.03,0.0001
ORD0096748,22.13,0.0006
ORD0096749,8.0,0.0004
ORD0096750,8.12,0.0147
ORD0096751,11.66,0.0008
ORD0096752,18.95,0.0003
ORD0096753,16.82,0.0012
ORD0096754,14.49,0.0002
ORD0096755,17.99,0.0076
ORD0096756,15.37,0.0004
ORD0096757,12.03,0.0001
ORD0096758,9.14,0.0001
ORD0096759,14.08,0.1019
ORD0096760,13.3,0.0026
ORD0096761,12.82,0.0002
ORD0096762,14.43,0.2229
ORD0096763,14.35,0.1748
ORD0096764,7.36,0.0401
ORD0096765,6.35,0.0449
ORD0096766,11.82,0.6057
ORD0096767,8.29,0.3339
ORD0096768,18.78,0.9461
ORD0096769,18.88,0.8671
ORD0096770,11.09,0.0741
ORD0096771,10.7,0.0856
ORD0096772,12.86,0.9903
ORD0096773,12.61,0.9989
ORD0096774,22.32,0.9782
ORD0096775,18.67,0.9765
ORD0096776,16.76,0.9929
ORD0096777,11.02,0.9898
ORD0096778,13.53,0.0037
ORD0096779,15.28,0.9107
ORD0096780,13.33,0.02
ORD0096781,36.26,0.3857
ORD0096782,19.89,0.8863
ORD0096783,11.95,0.0002
ORD0096784,12.31,0.0067
ORD0096785,12.46,0.0024
ORD0096786,17.68,0.0007
ORD0096787,18.1,0.2946
ORD0096788,18.22,0.0021
ORD0096789,15.43,0.049
ORD0096790,19.11,0.0006
ORD0096791,20.24,0.0006
ORD0096792,25.8,0.0292
ORD0096793,37.24,0.32
ORD0096794,29.84,0.0259
ORD0096795,11.62,0.0001
ORD0096796,12.34,0.0008
ORD0096797,24.96,0.0002
ORD0096798,24.29,0.0074
ORD0096799,24.17,0.8828
ORD0096800,19.55,0.876
ORD0096801,16.49,0.3764
ORD0096802,22.24,0.0004
ORD0096803,18.74,0.0003
ORD0096804,24.18,0.0202
ORD0096805,28.51,0.9215
ORD0096806,17.92,0.0012
ORD0096807,16.3,0.0007
ORD0096808,15.37,0.0083
ORD0096809,25.26,0.0003
ORD0096810,14.34,0.0067
ORD0096811,13.89,0.0094
ORD0096812,19.92,0.0802
ORD0096813,28.17,0.4384
ORD0096814,21.06,0.1219
ORD0096815,30.54,0.3761
ORD0096816,46.43,0.0007
ORD0096817,38.74,0.0003
ORD0096818,17.95,0.9562
ORD0096819,15.93,0.8494
ORD0096820,20.17,0.0002
ORD0096821,92.08,0.0002
ORD0096822,58.87,0.3187
ORD0096823,27.28,0.0002
ORD0096824,37.33,0.0264
ORD0096825,26.72,0.0017
ORD0096826,18.9,0.0008
ORD0096827,16.93,0.0004
ORD0096828,30.61,0.4937
ORD0096829,27.81,0.0205
ORD0096830,23.69,0.0013
ORD0096831,17.95,0.9707
ORD0096832,24.88,0.9978
ORD0096833,11.84,0.0155
ORD0096834,19.87,0.0457
ORD0096835,15.53,0.1207
ORD0096836,19.97,0.2026
ORD0096837,19.73,0.2878
ORD0096838,37.91,0.0012
ORD0096839,29.85,0.0019
ORD0096840,21.39,0.6109
ORD0096841,24.94,0.8195
ORD0096842,27.06,0.0034
ORD0096843,23.59,0.0061
ORD0096844,20.87,0.0229
ORD0096845,19.99,0.0735
ORD0096846,27.99,0.0065
ORD0096847,20.34,0.0269
ORD0096848,20.24,0.0032
ORD0096849,15.79,0.107
ORD0096850,15.81,0.0183
ORD0096851,21.89,0.0018
ORD0096852,18.24,0.0008
ORD0096853,19.49,0.2443
ORD0096854,13.43,0.9282
ORD0096855,14.92,0.69
ORD0096856,16.62,0.0981
ORD0096857,15.21,0.9738
ORD0096858,12.57,0.6835
ORD0096859,14.47,0.9574
ORD0096860,17.56,0.971
ORD0096861,14.89,0.9946
ORD0096862,15.71,0.9926
ORD0096863,16.1,0.0001
ORD0096864,15.33,0.0008
ORD0096865,14.22,0.0001
ORD0096866,13.84,0.0004
ORD0096867,10.96,0.0001
ORD0096868,13.48,0.0008
ORD0096869,13.92,0.0206
ORD0096870,12.44,0.0053
ORD0096871,15.91,0.4078
ORD0096872,15.21,0.0349
ORD0096873,15.47,0.8154
ORD0096874,13.09,0.0001
ORD0096875,13.5,0.0004
ORD0096876,17.88,0.0002
ORD0096877,21.32,0.067
ORD0096878,26.85,0.0001
ORD0096879,28.05,0.0113
ORD0096880,13.04,0.0014
ORD0096881,18.24,0.0078
ORD0096882,18.02,0.7733
ORD0096883,44.38,0.0002
ORD0096884,141.3,0.0143
ORD0096885,25.95,0.0156
ORD0096886,26.21,0.4797
ORD0096887,32.64,0.4333
ORD0096888,26.27,0.9115
ORD0096889,17.1,0.0002
ORD0096890,14.55,0.0021
ORD0096891,27.1,0.9989
ORD0096892,24.91,0.9846
ORD0096893,22.05,0.0063
ORD0096894,19.76,0.0964
ORD0096895,27.22,0.978
ORD0096896,24.9,0.8985
ORD0096897,14.14,0.8722
ORD0096898,13.0,0.91
ORD0096899,17.42,0.9943
ORD0096900,15.99,0.9838
ORD0096901,38.47,0.9986
ORD0096902,26.13,0.9953
ORD0096903,23.69,0.9318
ORD0096904,15.69,0.209
ORD0096905,15.58,0.1858
ORD0096906,16.8,0.4572
ORD0096907,15.06,0.4754
ORD0096908,24.77,0.8723
ORD0096909,23.39,0.1463
ORD0096910,21.69,0.9761
ORD0096911,15.9,0.4343
ORD0096912,113.11,0.2953
ORD0096913,20.97,0.0013
ORD0096914,17.89,0.0005
ORD0096915,19.52,0.003
ORD0096916,20.85,0.0011
ORD0096917,50.07,0.0654
ORD0096918,27.83,0.5972
ORD0096919,29.09,0.0158
ORD0096920,33.22,0.0003
ORD0096921,11.19,0.0001
ORD0096922,13.61,0.8342
ORD0096923,10.72,0.0005
ORD0096924,14.42,0.9967
ORD0096925,16.13,0.0003
ORD0096926,19.12,0.9978
ORD0096927,15.98,0.0021
ORD0096928,13.98,0.0004
ORD0096929,19.42,0.0017
ORD0096930,20.07,0.0089
ORD0096931,26.47,0.0094
ORD0096932,25.59,0.5095
ORD0096933,38.59,0.1248
ORD0096934,12.31,0.0002
ORD0096935,11.39,0.0001
ORD0096936,13.44,0.001
ORD0096937,12.4,0.195
ORD0096938,24.77,0.0002
ORD0096939,22.94,0.0019
ORD0096940,20.51,0.0503
ORD0096941,25.25,0.9962
ORD0096942,20.4,0.4733
ORD0096943,17.09,0.0004
ORD0096944,18.29,0.0013
ORD0096945,27.84,0.9009
ORD0096946,34.04,0.9997
ORD0096947,55.98,0.0038
ORD0096948,75.8,0.9887
ORD0096949,46.1,0.0009
ORD0096950,82.64,0.1098
ORD0096951,30.07,0.0005
ORD0096952,73.55,0.0002
ORD0096953,16.09,0.0013
ORD0096954,14.7,0.0015
ORD0096955,15.11,0.0059
ORD0096956,12.58,0.0105
ORD0096957,25.07,0.0001
ORD0096958,23.12,0.0002
ORD0096959,13.14,0.0003
ORD0096960,19.3,0.0457
ORD0096961,26.85,0.0007
ORD0096962,24.52,0.2919
ORD0096963,21.3,0.0027
ORD0096964,42.17,0.0001
ORD0096965,12.65,0.445
ORD0096966,15.18,0.8741
ORD0096967,19.7,0.0003
ORD0096968,17.37,0.0007
ORD0096969,41.23,0.9866
ORD0096970,19.92,0.156
ORD0096971,17.42,0.1186
ORD0096972,50.18,0.9987
ORD0096973,39.7,0.9978
ORD0096974,25.31,0.9964
ORD0096975,24.63,0.8161
ORD0096976,22.07,0.9995
ORD0096977,25.14,0.9999
ORD0096978,29.38,0.9992
ORD0096979,13.38,0.9737
ORD0096980,13.17,0.9912
ORD0096981,15.67,0.1298
ORD0096982,15.13,0.0098
ORD0096983,19.07,0.5538
ORD0096984,16.54,0.021
ORD0096985,39.42,0.0023
ORD0096986,28.81,0.0004
ORD0096987,22.99,0.9196
ORD0096988,17.83,0.1486
ORD0096989,26.88,0.0154
ORD0096990,30.07,0.0019
ORD0096991,21.78,0.1164
ORD0096992,17.33,0.0067
ORD0096993,25.86,0.0055
ORD0096994,31.2,0.0021
ORD0096995,16.76,0.0119
ORD0096996,18.73,0.006
ORD0096997,20.45,0.0034
ORD0096998,15.01,0.0009
ORD0096999,15.13,0.0344
ORD0097000,12.55,0.0126
ORD0097001,13.58,0.0305
ORD0097002,13.88,0.0267
ORD0097003,19.54,0.0044
ORD0097004,19.31,0.0033
ORD0097005,16.96,0.2347
ORD0097006,15.46,0.0009
ORD0097007,12.99,0.0965
ORD0097008,16.14,0.6572
ORD0097009,11.11,0.0054
ORD0097010,9.52,0.0724
ORD0097011,15.1,0.0158
ORD0097012,17.55,0.5204
ORD0097013,11.92,0.0862
ORD0097014,14.68,0.0001
ORD0097015,12.84,0.0004
ORD0097016,12.69,0.0001
ORD0097017,12.94,0.0001
ORD0097018,12.04,0.0001
ORD0097019,12.09,0.0042
ORD0097020,9.19,0.0001
ORD0097021,9.36,0.0002
ORD0097022,11.43,0.0001
ORD0097023,12.99,0.0411
ORD0097024,10.23,0.0002
ORD0097025,12.58,0.5354
ORD0097026,12.48,0.0011
ORD0097027,11.79,0.0001
ORD0097028,12.09,0.0001
ORD0097029,16.07,0.0001
ORD0097030,19.98,0.251
ORD0097031,26.09,0.0001
ORD0097032,12.02,0.0011
ORD0097033,15.48,0.0029
ORD0097034,17.22,0.9444
ORD0097035,27.39,0.0001
ORD0097036,71.41,0.0007
ORD0097037,43.89,0.121
ORD0097038,43.69,0.0005
ORD0097039,62.14,0.0001
ORD0097040,25.2,0.002
ORD0097041,21.44,0.003
ORD0097042,20.98,0.0129
ORD0097043,23.12,0.2398
ORD0097044,28.25,0.2431
ORD0097045,19.46,0.0001
ORD0097046,23.6,0.9576
ORD0097047,20.06,0.9681
ORD0097048,18.13,0.0008
ORD0097049,25.17,0.9862
ORD0097050,12.94,0.9127
ORD0097051,17.07,0.9964
ORD0097052,13.16,0.8231
ORD0097053,29.12,0.9996
ORD0097054,27.8,0.9619
ORD0097055,20.8,0.952
ORD0097056,16.58,0.3246
ORD0097057,17.76,0.3188
ORD0097058,13.95,0.1936
ORD0097059,15.46,0.5235
ORD0097060,13.36,0.5862
ORD0097061,26.71,0.4729
ORD0097062,17.07,0.6054
ORD0097063,13.55,0.4352
ORD0097064,21.84,0.0011
ORD0097065,23.19,0.0022
ORD0097066,18.53,0.0001
ORD0097067,55.51,0.0587
ORD0097068,38.47,0.0005
ORD0097069,30.55,0.3533
ORD0097070,24.07,0.005
ORD0097071,12.51,0.0015
ORD0097072,12.15,0.0026
ORD0097073,13.32,0.4512
ORD0097074,12.62,0.5338
ORD0097075,19.56,0.212
ORD0097076,17.43,0.1811
ORD0097077,16.7,0.0003
ORD0097078,17.88,0.9922
ORD0097079,20.44,0.0024
ORD0097080,23.11,0.7841
ORD0097081,32.18,0.1578
ORD0097082,38.29,0.0155
ORD0097083,38.75,0.9982
ORD0097084,15.06,0.0011
ORD0097085,12.93,0.0015
ORD0097086,14.99,0.0001
ORD0097087,13.44,0.9856
ORD0097088,29.13,0.002
ORD0097089,27.27,0.6833
ORD0097090,21.92,0.9729
ORD0097091,27.29,0.0004
ORD0097092,22.27,0.0519
ORD0097093,32.39,0.9977
ORD0097094,59.28,0.0006
ORD0097095,67.73,0.0008
ORD0097096,18.94,0.0032
ORD0097097,14.73,0.024
ORD0097098,13.8,0.0001
ORD0097099,26.28,0.0004
ORD0097100,14.52,0.0001
ORD0097101,13.12,0.0056
ORD0097102,22.18,0.3593
ORD0097103,17.44,0.0411
ORD0097104,33.73,0.9549
ORD0097105,31.85,0.7481
ORD0097106,22.26,0.0011
ORD0097107,37.28,0.0001
ORD0097108,54.19,0.0008
ORD0097109,15.75,0.002
ORD0097110,18.92,0.001
ORD0097111,17.29,0.0003
ORD0097112,102.55,0.0001
ORD0097113,38.01,0.1093
ORD0097114,20.06,0.0026
ORD0097115,31.45,0.9156
ORD0097116,23.15,0.0055
ORD0097117,23.45,0.001
ORD0097118,23.95,0.9909
ORD0097119,12.29,0.0417
ORD0097120,26.66,0.9992
ORD0097121,11.47,0.1076
ORD0097122,12.42,0.0068
ORD0097123,18.21,0.4914
ORD0097124,20.02,0.8805
ORD0097125,32.94,0.004
ORD0097126,25.23,0.9803
ORD0097127,20.21,0.7217
ORD0097128,36.26,0.066
ORD0097129,27.76,0.3229
ORD0097130,23.34,0.4751
ORD0097131,66.02,0.1335
ORD0097132,55.06,0.0004
ORD0097133,36.61,0.2895
ORD0097134,19.38,0.76
ORD0097135,20.12,0.2227
ORD0097136,21.11,0.1158
ORD0097137,23.43,0.9738
ORD0097138,19.29,0.7631
ORD0097139,50.86,0.0003
ORD0097140,14.79,0.078
ORD0097141,14.85,0.0225
ORD0097142,21.74,0.0095
ORD0097143,20.02,0.0023
ORD0097144,23.64,0.0038
ORD0097145,18.07,0.0003
ORD0097146,17.08,0.9539
ORD0097147,16.19,0.514
ORD0097148,26.77,0.0006
ORD0097149,54.71,0.0003
ORD0097150,10.89,0.0023
ORD0097151,14.85,0.0065
ORD0097152,15.47,0.0137
ORD0097153,11.99,0.0402
ORD0097154,13.18,0.0005
ORD0097155,12.3,0.0001
ORD0097156,11.89,0.0001
ORD0097157,11.64,0.0001
ORD0097158,11.84,0.0075
ORD0097159,8.15,0.0003
ORD0097160,11.54,0.1185
ORD0097161,10.75,0.0002
ORD0097162,12.05,0.8464
ORD0097163,13.83,0.9812
ORD0097164,10.75,0.0011
ORD0097165,10.45,0.0001
ORD0097166,10.65,0.0001
ORD0097167,18.1,0.0033
ORD0097168,17.94,0.0006
ORD0097169,28.8,0.0015
ORD0097170,33.45,0.0001
ORD0097171,14.92,0.1666
ORD0097172,13.26,0.0056
ORD0097173,21.05,0.7578
ORD0097174,21.25,0.0038
ORD0097175,21.28,0.0012
ORD0097176,27.5,0.0646
ORD0097177,27.22,0.7218
ORD0097178,24.5,0.0436
ORD0097179,14.29,0.0002
ORD0097180,23.12,0.9777
ORD0097181,17.83,0.0015
ORD0097182,19.51,0.0005
ORD0097183,18.58,0.3682
ORD0097184,20.1,0.0052
ORD0097185,10.01,0.0449
ORD0097186,17.66,0.6999
ORD0097187,25.58,0.9624
ORD0097188,17.55,0.0172
ORD0097189,15.94,0.1212
ORD0097190,15.93,0.4945
ORD0097191,13.97,0.7394
ORD0097192,12.79,0.7463
ORD0097193,26.96,0.9074
ORD0097194,22.55,0.5289
ORD0097195,19.4,0.9794
ORD0097196,18.97,0.0005
ORD0097197,17.44,0.0005
ORD0097198,17.22,0.0023
ORD0097199,17.04,0.0017
ORD0097200,49.26,0.0243
ORD0097201,38.42,0.0132
ORD0097202,27.79,0.2961
ORD0097203,24.35,0.1273
ORD0097204,10.8,0.0457
ORD0097205,12.33,0.9515
ORD0097206,11.75,0.8641
ORD0097207,17.18,0.888
ORD0097208,16.27,0.4446
ORD0097209,12.97,0.0022
ORD0097210,13.81,0.224
ORD0097211,16.69,0.0061
ORD0097212,14.3,0.0011
ORD0097213,28.47,0.035
ORD0097214,23.34,0.0251
ORD0097215,37.07,0.5078
ORD0097216,33.58,0.1357
ORD0097217,11.16,0.0004
ORD0097218,9.25,0.0007
ORD0097219,10.63,0.0034
ORD0097220,24.88,0.0003
ORD0097221,20.95,0.047
ORD0097222,19.26,0.0402
ORD0097223,15.41,0.2041
ORD0097224,13.78,0.7959
ORD0097225,19.65,0.0007
ORD0097226,15.44,0.0003
ORD0097227,20.38,0.7557
ORD0097228,29.06,0.993
ORD0097229,14.15,0.0001
ORD0097230,12.99,0.0012
ORD0097231,11.6,0.0026
ORD0097232,21.52,0.0001
ORD0097233,22.48,0.0002
ORD0097234,11.89,0.0058
ORD0097235,9.87,0.0124
ORD0097236,17.63,0.002
ORD0097237,14.8,0.0752
ORD0097238,23.31,0.0409
ORD0097239,17.14,0.0169
ORD0097240,22.14,0.0006
ORD0097241,27.9,0.0003
ORD0097242,45.59,0.0001
ORD0097243,13.49,0.0681
ORD0097244,11.72,0.0008
ORD0097245,17.31,0.0001
ORD0097246,17.57,0.0005
ORD0097247,84.17,0.0002
ORD0097248,68.62,0.0004
ORD0097249,26.84,0.0805
ORD0097250,24.56,0.0087
ORD0097251,19.18,0.0017
ORD0097252,15.54,0.0008
ORD0097253,33.02,0.8436
ORD0097254,18.24,0.0043
ORD0097255,20.36,0.9929
ORD0097256,11.21,0.2175
ORD0097257,21.46,0.9986
ORD0097258,23.87,0.8291
ORD0097259,9.85,0.0729
ORD0097260,10.16,0.0062
ORD0097261,16.58,0.2617
ORD0097262,20.85,0.8603
ORD0097263,38.25,0.0012
ORD0097264,26.22,0.1123
ORD0097265,22.22,0.9679
ORD0097266,26.85,0.0206
ORD0097267,21.09,0.2955
ORD0097268,19.08,0.9292
ORD0097269,26.77,0.619
ORD0097270,26.88,0.7337
ORD0097271,18.85,0.8508
ORD0097272,20.18,0.93
ORD0097273,17.05,0.2323
ORD0097274,15.7,0.2839
ORD0097275,16.26,0.9846
ORD0097276,13.1,0.0761
ORD0097277,13.22,0.0012
ORD0097278,16.78,0.0059
ORD0097279,19.94,0.0003
ORD0097280,14.19,0.0027
ORD0097281,9.95,0.0002
ORD0097282,9.56,0.0129
ORD0097283,14.38,0.3819
ORD0097284,13.07,0.0901
ORD0097285,38.21,0.0038
ORD0097286,10.7,0.0059
ORD0097287,15.74,0.0153
ORD0097288,13.2,0.0293
ORD0097289,11.44,0.0995
ORD0097290,12.05,0.3725
ORD0097291,13.0,0.0013
ORD0097292,13.53,0.5316
ORD0097293,11.55,0.0002
ORD0097294,12.05,0.0009
ORD0097295,11.37,0.0083
ORD0097296,13.9,0.9694
ORD0097297,8.46,0.0003
ORD0097298,9.04,0.0033
ORD0097299,11.0,0.1408
ORD0097300,12.1,0.865
ORD0097301,12.21,0.9961
ORD0097302,13.04,0.9798
ORD0097303,11.28,0.0007
ORD0097304,12.1,0.0877
ORD0097305,16.27,0.0004
ORD0097306,24.21,0.0002
ORD0097307,12.09,0.004
ORD0097308,10.47,0.0001
ORD0097309,16.6,0.0143
ORD0097310,14.61,0.0003
ORD0097311,21.52,0.0054
ORD0097312,22.51,0.0078
ORD0097313,21.38,0.0618
ORD0097314,20.53,0.1833
ORD0097315,22.01,0.7245
ORD0097316,21.44,0.9044
ORD0097317,12.88,0.0002
ORD0097318,11.83,0.0003
ORD0097319,21.9,0.9905
ORD0097320,24.29,0.9948
ORD0097321,16.52,0.0013
ORD0097322,17.46,0.0018
ORD0097323,28.31,0.0003
ORD0097324,22.96,0.9565
ORD0097325,21.18,0.9093
ORD0097326,12.35,0.4472
ORD0097327,8.99,0.3338
ORD0097328,18.01,0.9926
ORD0097329,15.05,0.9892
ORD0097330,28.5,0.9995
ORD0097331,19.03,0.7735
ORD0097332,16.16,0.6306
ORD0097333,33.26,0.1019
ORD0097334,15.63,0.9718
ORD0097335,17.21,0.9952
ORD0097336,15.02,0.9889
ORD0097337,26.3,0.9868
ORD0097338,23.33,0.9818
ORD0097339,22.53,0.9956
ORD0097340,19.35,0.0413
ORD0097341,19.9,0.5551
ORD0097342,22.13,0.0003
ORD0097343,60.32,0.9933
ORD0097344,34.25,0.0041
ORD0097345,28.28,0.9992
